Workbook

Sheet Sheet1
A1: Packet count | B1: Total packet length | C1: Average packet length | D1: Mininum packet length | E1: Maximum packet length | F1: Most common packet length | G1: Avg. packet interval | H1: Min. packet interval | I1: Max. packet interval | J1: Label
A2: 399 | B2: 321262 | C2: 805.16792 | D2: 0 | E2: 1460 | F2: 1460 | G2: 0.1889268 | H2: 0 | I2: 14.28921 | J2: Backloggd
A3: 4895 | B3: 4892917 | C3: 999.57446 | D3: 54 | E3: 63414 | F3: 1514 | G3: 0.014789 | H3: -0.00183 | I3: 8.507045 | J3: Backloggd
A4: 4509 | B4: 4225882 | C4: 937.21047 | D4: 54 | E4: 6982 | F4: 1514 | G4: 0.014175697 | H4: -0.003246 | I4: 4.840099 | J4: Backloggd
A5: {=LOOKUP(2,1/(NOT(ISBLANK('blg4'!A:A))),'blg4'!A:A)} -> 690 | B5: =SUM('blg4'!B2:B691) -> 15702.604 | C5: =AVERAGE('blg4'!B2:B691) -> 22.757397 | D5: =MIN('blg4'!B2:B691) -> 0 | E5: =MAX('blg4'!B2:B691) -> 58.88807 | F5: 1.683541 | G5: =AVERAGE('blg4'!C2:C691) -> 0.085468897 | H5: =MIN('blg4'!C2:C691) -> 0 | I5: =MAX('blg4'!C2:C691) -> 18.400705 | J5: Backloggd
A6: {=LOOKUP(2,1/(NOT(ISBLANK('blg5'!A:A))),'blg5'!A:A)} -> 651 | B6: =SUM('blg5'!B2:B652) -> 16311.092 | C6: =AVERAGE('blg5'!B2:B652) -> 25.05544 | D6: =MIN('blg5'!B2:B652) -> 0 | E6: =MAX('blg5'!B2:B652) -> 57.691908 | F6: 13.61546 | G6: =AVERAGE('blg5'!C2:C652) -> 0.088756782 | H6: =MIN('blg5'!C2:C652) -> 0 | I6: =MAX('blg5'!C2:C652) -> 7.0639125 | J6: Backloggd
A7: {=LOOKUP(2,1/(NOT(ISBLANK('blg6'!A:A))),'blg6'!A:A)} -> 523 | B7: =SUM('blg6'!B2:B524) -> 16519.252 | C7: =AVERAGE('blg6'!B2:B524) -> 31.585568 | D7: =MIN('blg6'!B2:B524) -> 0 | E7: =MAX('blg6'!B2:B524) -> 60.432139 | F7: 11.93448 | G7: =AVERAGE('blg6'!C2:C524) -> 0.11577038 | H7: =MIN('blg6'!C2:C524) -> 0 | I7: =MAX('blg6'!C2:C524) -> 8.5556582 | J7: Backloggd
A8: {=LOOKUP(2,1/(NOT(ISBLANK('blg7'!A:A))),'blg7'!A:A)} -> 2260 | B8: =SUM('blg7'!B2:B2261) -> 66071.414 | C8: =AVERAGE('blg7'!B2:B2261) -> 29.235139 | D8: =MIN('blg7'!B2:B2261) -> 0 | E8: =MAX('blg7'!B2:B2261) -> 65.224642 | F8: 7.947095 | G8: =AVERAGE('blg7'!C2:C2261) -> 0.028873237 | H8: =MIN('blg7'!C2:C2261) -> 0 | I8: =MAX('blg7'!C2:C2261) -> 9.6632359 | J8: Backloggd
A9: {=LOOKUP(2,1/(NOT(ISBLANK('blg8'!A:A))),'blg8'!A:A)} -> 938 | B9: =SUM('blg8'!B2:B939) -> 33171.645 | C9: =AVERAGE('blg8'!B2:B939) -> 35.364227 | D9: =MIN('blg8'!B2:B939) -> 0 | E9: =MAX('blg8'!B2:B939) -> 63.143483 | F9: 18.95352 | G9: =AVERAGE('blg8'!C2:C939) -> 0.06738899 | H9: =MIN('blg8'!C2:C939) -> 0 | I9: =MAX('blg8'!C2:C939) -> 8.5320027 | J9: Backloggd
A10: {=LOOKUP(2,1/(NOT(ISBLANK('blg9'!A:A))),'blg9'!A:A)} -> 1076 | B10: =SUM('blg9'!B2:B1077) -> 33318.788 | C10: =AVERAGE('blg9'!B2:B1077) -> 30.965417 | D10: =MIN('blg9'!B2:B1077) -> 0 | E10: =MAX('blg9'!B2:B1077) -> 60.220232 | F10: 55.98275 | G10: =AVERAGE('blg9'!C2:C1077) -> 0.056018821 | H10: =MIN('blg9'!C2:C1077) -> 0 | I10: =MAX('blg9'!C2:C1077) -> 10.081071 | J10: Backloggd
A11: {=LOOKUP(2,1/(NOT(ISBLANK('blg10'!A:A))),'blg10'!A:A)} -> 1725 | B11: =SUM('blg10'!B2:B1726) -> 48498.905 | C11: =AVERAGE('blg10'!B2:B1726) -> 28.115307 | D11: =MIN('blg10'!B2:B1726) -> 0 | E11: =MAX('blg10'!B2:B1726) -> 63.673744 | F11: 55.6642 | G11: =AVERAGE('blg10'!C2:C1726) -> 0.036933726 | H11: =MIN('blg10'!C2:C1726) -> 0 | I11: =MAX('blg10'!C2:C1726) -> 8.586525 | J11: Backloggd

Sheet blg10
A1: No. | B1: Time | C1: Delta | D1: Source | E1: Destination | F1: Protocol | G1: TCP Segment Len | H1: Info
A2: 1 | B2: 0 | D2: 192.168.1.222 | E2: 37.19.207.37 | F2: TLSv1.2 | G2: 873 | H2: Application Data
A3: 2 | B3: 3.75e-05 | C3: 3.75e-05 | D3: 192.168.1.222 | E3: 37.19.207.37 | F3: TLSv1.2 | G3: 39 | H3: Application Data
A4: 3 | B4: 0.0115023 | C4: 0.0114648 | D4: 37.19.207.37 | E4: 192.168.1.222 | F4: TCP | G4: 0 | H4: 443 > 51545 [ACK] Seq=1 Ack=874 Win=195 Len=0
A5: 4 | B5: 0.0115023 | C5: 0 | D5: 37.19.207.37 | E5: 192.168.1.222 | F5: TCP | G5: 0 | H5: 443 > 51545 [ACK] Seq=1 Ack=913 Win=195 Len=0
A6: 5 | B6: 0.0115023 | C6: 0 | D6: 37.19.207.37 | E6: 192.168.1.222 | F6: TLSv1.2 | G6: 39 | H6: Application Data
A7: 6 | B7: 0.0577788 | C7: 0.0462765 | D7: 192.168.1.222 | E7: 37.19.207.37 | F7: TCP | G7: 0 | H7: 51545 > 443 [ACK] Seq=913 Ack=40 Win=1026 Len=0
A8: 7 | B8: 0.7786752 | C8: 0.7208964 | D8: 37.19.207.37 | E8: 192.168.1.222 | F8: TLSv1.2 | G8: 1426 | H8: Application Data
A9: 8 | B9: 0.7788508 | C9: 0.0001756 | D9: 37.19.207.37 | E9: 192.168.1.222 | F9: TCP | G9: 1460 | H9: 443 > 51545 [ACK] Seq=1466 Ack=913 Win=195 Len=1460 [TCP PDU reassembled in 13]
A10: 9 | B10: 0.7788508 | C10: 0 | D10: 37.19.207.37 | E10: 192.168.1.222 | F10: TCP | G10: 1460 | H10: 443 > 51545 [ACK] Seq=2926 Ack=913 Win=195 Len=1460 [TCP PDU reassembled in 13]
A11: 10 | B11: 0.7788668 | C11: 1.6e-05 | D11: 192.168.1.222 | E11: 37.19.207.37 | F11: TCP | G11: 0 | H11: 51545 > 443 [ACK] Seq=913 Ack=4386 Win=1026 Len=0
A12: 11 | B12: 0.7789809 | C12: 0.0001141 | D12: 37.19.207.37 | E12: 192.168.1.222 | F12: TCP | G12: 1460 | H12: 443 > 51545 [ACK] Seq=4386 Ack=913 Win=195 Len=1460 [TCP PDU reassembled in 13]
A13: 12 | B13: 0.7789809 | C13: 0 | D13: 37.19.207.37 | E13: 192.168.1.222 | F13: TCP | G13: 1460 | H13: 443 > 51545 [ACK] Seq=5846 Ack=913 Win=195 Len=1460 [TCP PDU reassembled in 13]
A14: 13 | B14: 0.7789809 | C14: 0 | D14: 37.19.207.37 | E14: 192.168.1.222 | F14: TLSv1.2 | G14: 191 | H14: Application Data
... A1726: 1725 | B1726: 63.673744 | C1726: 9.46e-05 | D1726: 192.168.1.222 | E1726: 37.19.207.37 | F1726: TCP | G1726: 0 | H1726: 51545 > 443 [ACK] Seq=43994 Ack=763004 Win=1021 Len=0

Sheet blg9
A1: No. | B1: Time | C1: Delta | D1: Source | E1: Destination | F1: Protocol | G1: TCP Segment Len | H1: Info
A2: 1 | B2: 0 | D2: 192.168.1.222 | E2: 37.19.207.37 | F2: TLSv1.2 | G2: 739 | H2: Application Data
A3: 2 | B3: 3.21e-05 | C3: 3.21e-05 | D3: 192.168.1.222 | E3: 37.19.207.37 | F3: TLSv1.2 | G3: 39 | H3: Application Data
A4: 3 | B4: 0.0123193 | C4: 0.0122872 | D4: 37.19.207.37 | E4: 192.168.1.222 | F4: TCP | G4: 0 | H4: 443 > 51545 [ACK] Seq=1 Ack=740 Win=134 Len=0
A5: 4 | B5: 0.0123193 | C5: 0 | D5: 37.19.207.37 | E5: 192.168.1.222 | F5: TCP | G5: 0 | H5: 443 > 51545 [ACK] Seq=1 Ack=779 Win=134 Len=0
A6: 5 | B6: 0.0123193 | C6: 0 | D6: 37.19.207.37 | E6: 192.168.1.222 | F6: TLSv1.2 | G6: 39 | H6: Application Data
A7: 6 | B7: 0.0515891 | C7: 0.0392698 | D7: 192.168.1.222 | E7: 37.19.207.37 | F7: TCP | G7: 0 | H7: 51545 > 443 [ACK] Seq=779 Ack=40 Win=1021 Len=0
A8: 7 | B8: 0.624714 | C8: 0.5731249 | D8: 37.19.207.37 | E8: 192.168.1.222 | F8: TLSv1.2 | G8: 1433 | H8: Application Data
A9: 8 | B9: 0.6251095 | C9: 0.0003955 | D9: 37.19.207.37 | E9: 192.168.1.222 | F9: TCP | G9: 1460 | H9: 443 > 51545 [ACK] Seq=1473 Ack=779 Win=134 Len=1460 [TCP PDU reassembled in 13]
A10: 9 | B10: 0.6251095 | C10: 0 | D10: 37.19.207.37 | E10: 192.168.1.222 | F10: TCP | G10: 1460 | H10: 443 > 51545 [ACK] Seq=2933 Ack=779 Win=134 Len=1460 [TCP PDU reassembled in 13]
A11: 10 | B11: 0.6251095 | C11: 0 | D11: 37.19.207.37 | E11: 192.168.1.222 | F11: TCP | G11: 1460 | H11: 443 > 51545 [ACK] Seq=4393 Ack=779 Win=134 Len=1460 [TCP PDU reassembled in 13]
A12: 11 | B12: 0.6251303 | C12: 2.08e-05 | D12: 192.168.1.222 | E12: 37.19.207.37 | F12: TCP | G12: 0 | H12: 51545 > 443 [ACK] Seq=779 Ack=5853 Win=1026 Len=0
A13: 12 | B13: 0.6251825 | C13: 5.22e-05 | D13: 37.19.207.37 | E13: 192.168.1.222 | F13: TCP | G13: 1460 | H13: 443 > 51545 [ACK] Seq=5853 Ack=779 Win=134 Len=1460 [TCP PDU reassembled in 13]
A14: 13 | B14: 0.6251825 | C14: 0 | D14: 37.19.207.37 | E14: 192.168.1.222 | F14: TLSv1.2 | G14: 188 | H14: Application Data
... A1077: 1076 | B1077: 60.220232 | C1077: 1.41e-05 | D1077: 192.168.1.222 | E1077: 37.19.207.37 | F1077: TCP | G1077: 0 | H1077: 51545 > 443 [ACK] Seq=34484 Ack=342274 Win=1026 Len=0

Sheet blg8
A1: No. | B1: Time | C1: Delta | D1: Source | E1: Destination | F1: Protocol | G1: TCP Segment Len | H1: Info
A2: 1 | B2: 0 | D2: 192.168.1.222 | E2: 37.19.207.37 | F2: TCP | G2: 0 | H2: 51545 > 443 [SYN] Seq=0 Win=64240 Len=0 MSS=1460 WS=256 SACK_PERM
A3: 2 | B3: 0.0096583 | C3: 0.0096583 | D3: 37.19.207.37 | E3: 192.168.1.222 | F3: TCP | G3: 0 | H3: 443 > 51545 [SYN, ACK] Seq=0 Ack=1 Win=65535 Len=0 MSS=1460 SACK_PERM WS=2048
A4: 3 | B4: 0.0097425 | C4: 8.42e-05 | D4: 192.168.1.222 | E4: 37.19.207.37 | F4: TCP | G4: 0 | H4: 51545 > 443 [ACK] Seq=1 Ack=1 Win=262656 Len=0
A5: 4 | B5: 0.0100961 | C5: 0.0003536 | D5: 192.168.1.222 | E5: 37.19.207.37 | F5: TLSv1.3 | G5: 2122 | H5: Client Hello (SNI=backloggd.com)
A6: 5 | B6: 0.0191761 | C6: 0.00908 | D6: 37.19.207.37 | E6: 192.168.1.222 | F6: TCP | G6: 0 | H6: 443 > 51545 [ACK] Seq=1 Ack=1461 Win=69632 Len=0
A7: 6 | B7: 0.0191761 | C7: 0 | D7: 37.19.207.37 | E7: 192.168.1.222 | F7: TCP | G7: 0 | H7: 443 > 51545 [ACK] Seq=1 Ack=2123 Win=71680 Len=0
A8: 7 | B8: 0.0253484 | C8: 0.0061723 | D8: 37.19.207.37 | E8: 192.168.1.222 | F8: TLSv1.3 | G8: 1460 | H8: Server Hello, Change Cipher Spec, Application Data
A9: 8 | B9: 0.0253484 | C9: 0 | D9: 37.19.207.37 | E9: 192.168.1.222 | F9: TCP | G9: 1460 | H9: 443 > 51545 [PSH, ACK] Seq=1461 Ack=2123 Win=71680 Len=1460 [TCP PDU reassembled in 11]
A10: 9 | B10: 0.0254097 | C10: 6.13e-05 | D10: 192.168.1.222 | E10: 37.19.207.37 | F10: TCP | G10: 0 | H10: 51545 > 443 [ACK] Seq=2123 Ack=2921 Win=262656 Len=0
A11: 10 | B11: 0.0259224 | C11: 0.0005127 | D11: 37.19.207.37 | E11: 192.168.1.222 | F11: TCP | G11: 1176 | H11: 443 > 51545 [PSH, ACK] Seq=2921 Ack=2123 Win=71680 Len=1176 [TCP PDU reassembled in 11]
A12: 11 | B12: 0.0259533 | C12: 3.09e-05 | D12: 37.19.207.37 | E12: 192.168.1.222 | F12: TLSv1.3 | G12: 434 | H12: Application Data, Application Data, Application Data
A13: 12 | B13: 0.0259635 | C13: 1.02e-05 | D13: 192.168.1.222 | E13: 37.19.207.37 | F13: TCP | G13: 0 | H13: 51545 > 443 [ACK] Seq=2123 Ack=4531 Win=262656 Len=0
A14: 13 | B14: 0.0261454 | C14: 0.0001819 | D14: 192.168.1.222 | E14: 37.19.207.37 | F14: TLSv1.3 | G14: 80 | H14: Change Cipher Spec, Application Data
... A939: 938 | B939: 63.143483 | C939: 0.0501682 | D939: 192.168.1.222 | E939: 37.19.207.37 | F939: TCP | G939: 0 | H939: 51545 > 443 [ACK] Seq=44856 Ack=462419 Win=262656 Len=0

Sheet blg7
A1: No. | B1: Time | C1: Delta | D1: Source | E1: Destination | F1: Protocol | G1: TCP Segment Len | H1: Info
A2: 1 | B2: 0 | D2: 192.168.1.222 | E2: 37.19.207.38 | F2: TCP | G2: 0 | H2: 51508 > 443 [SYN] Seq=0 Win=64240 Len=0 MSS=1460 WS=256 SACK_PERM
A3: 2 | B3: 0.0120743 | C3: 0.0120743 | D3: 37.19.207.38 | E3: 192.168.1.222 | F3: TCP | G3: 0 | H3: 443 > 51508 [SYN, ACK] Seq=0 Ack=1 Win=65535 Len=0 MSS=1460 SACK_PERM WS=2048
A4: 3 | B4: 0.0121254 | C4: 5.11e-05 | D4: 192.168.1.222 | E4: 37.19.207.38 | F4: TCP | G4: 0 | H4: 51508 > 443 [ACK] Seq=1 Ack=1 Win=262656 Len=0
A5: 4 | B5: 0.0124389 | C5: 0.0003135 | D5: 192.168.1.222 | E5: 37.19.207.38 | F5: TLSv1.3 | G5: 2122 | H5: Client Hello (SNI=backloggd.com)
A6: 5 | B6: 0.0229158 | C6: 0.0104769 | D6: 37.19.207.38 | E6: 192.168.1.222 | F6: TCP | G6: 0 | H6: 443 > 51508 [ACK] Seq=1 Ack=1461 Win=69632 Len=0
A7: 6 | B7: 0.0229158 | C7: 0 | D7: 37.19.207.38 | E7: 192.168.1.222 | F7: TCP | G7: 0 | H7: 443 > 51508 [ACK] Seq=1 Ack=2123 Win=71680 Len=0
A8: 7 | B8: 0.0241726 | C8: 0.0012568 | D8: 37.19.207.38 | E8: 192.168.1.222 | F8: TLSv1.3 | G8: 1460 | H8: Server Hello, Change Cipher Spec, Application Data
A9: 8 | B9: 0.0241726 | C9: 0 | D9: 37.19.207.38 | E9: 192.168.1.222 | F9: TCP | G9: 1460 | H9: 443 > 51508 [PSH, ACK] Seq=1461 Ack=2123 Win=71680 Len=1460 [TCP PDU reassembled in 11]
A10: 9 | B10: 0.0241726 | C10: 0 | D10: 37.19.207.38 | E10: 192.168.1.222 | F10: TCP | G10: 1176 | H10: 443 > 51508 [PSH, ACK] Seq=2921 Ack=2123 Win=71680 Len=1176 [TCP PDU reassembled in 11]
A11: 10 | B11: 0.0242251 | C11: 5.25e-05 | D11: 192.168.1.222 | E11: 37.19.207.38 | F11: TCP | G11: 0 | H11: 51508 > 443 [ACK] Seq=2123 Ack=4097 Win=262656 Len=0
A12: 11 | B12: 0.0244158 | C12: 0.0001907 | D12: 37.19.207.38 | E12: 192.168.1.222 | F12: TLSv1.3 | G12: 434 | H12: Application Data, Application Data, Application Data
A13: 12 | B13: 0.0244331 | C13: 1.73e-05 | D13: 192.168.1.222 | E13: 37.19.207.38 | F13: TCP | G13: 0 | H13: 51508 > 443 [ACK] Seq=2123 Ack=4531 Win=262144 Len=0
A14: 13 | B14: 0.0245946 | C14: 0.0001615 | D14: 192.168.1.222 | E14: 37.19.207.38 | F14: TLSv1.3 | G14: 80 | H14: Change Cipher Spec, Application Data
... A2261: 2260 | B2261: 65.224642 | C2261: 3.95e-05 | D2261: 192.168.1.222 | E2261: 37.19.207.38 | F2261: TCP | G2261: 0 | H2261: 51508 > 443 [ACK] Seq=33600 Ack=553464 Win=262656 Len=0

Sheet blg6
A1: No. | B1: Time | C1: Delta | D1: Source | E1: Destination | F1: Protocol | G1: TCP Segment Len | H1: Info
A2: 1 | B2: 0 | D2: 192.168.1.222 | E2: 37.19.207.37 | F2: TCP | G2: 0 | H2: 51472 > 443 [SYN] Seq=0 Win=64240 Len=0 MSS=1460 WS=256 SACK_PERM
A3: 2 | B3: 0.011392 | C3: 0.011392 | D3: 37.19.207.37 | E3: 192.168.1.222 | F3: TCP | G3: 0 | H3: 443 > 51472 [SYN, ACK] Seq=0 Ack=1 Win=65535 Len=0 MSS=1460 SACK_PERM WS=2048
A4: 3 | B4: 0.011474 | C4: 8.2e-05 | D4: 192.168.1.222 | E4: 37.19.207.37 | F4: TCP | G4: 0 | H4: 51472 > 443 [ACK] Seq=1 Ack=1 Win=262656 Len=0
A5: 4 | B5: 0.0120002 | C5: 0.0005262 | D5: 192.168.1.222 | E5: 37.19.207.37 | F5: TLSv1.3 | G5: 1723 | H5: Client Hello (SNI=backloggd.com)
A6: 5 | B6: 0.0227587 | C6: 0.0107585 | D6: 37.19.207.37 | E6: 192.168.1.222 | F6: TCP | G6: 0 | H6: 443 > 51472 [ACK] Seq=1 Ack=1724 Win=69632 Len=0
A7: 6 | B7: 0.026236 | C7: 0.0034773 | D7: 37.19.207.37 | E7: 192.168.1.222 | F7: TLSv1.3 | G7: 1460 | H7: Server Hello, Change Cipher Spec, Application Data
A8: 7 | B8: 0.026236 | C8: 0 | D8: 37.19.207.37 | E8: 192.168.1.222 | F8: TCP | G8: 1460 | H8: 443 > 51472 [PSH, ACK] Seq=1461 Ack=1724 Win=69632 Len=1460 [TCP PDU reassembled in 9]
A9: 8 | B9: 0.026236 | C9: 0 | D9: 37.19.207.37 | E9: 192.168.1.222 | F9: TCP | G9: 1176 | H9: 443 > 51472 [PSH, ACK] Seq=2921 Ack=1724 Win=69632 Len=1176 [TCP PDU reassembled in 9]
A10: 9 | B10: 0.026236 | C10: 0 | D10: 37.19.207.37 | E10: 192.168.1.222 | F10: TLSv1.3 | G10: 434 | H10: Application Data, Application Data, Application Data
A11: 10 | B11: 0.0262906 | C11: 5.46e-05 | D11: 192.168.1.222 | E11: 37.19.207.37 | F11: TCP | G11: 0 | H11: 51472 > 443 [ACK] Seq=1724 Ack=4531 Win=262656 Len=0
A12: 11 | B12: 0.029148 | C12: 0.0028574 | D12: 192.168.1.222 | E12: 37.19.207.37 | F12: TLSv1.3 | G12: 80 | H12: Change Cipher Spec, Application Data
A13: 12 | B13: 0.029529 | C13: 0.000381 | D13: 192.168.1.222 | E13: 37.19.207.37 | F13: TLSv1.3 | G13: 92 | H13: Application Data
A14: 13 | B14: 0.0296025 | C14: 7.35e-05 | D14: 192.168.1.222 | E14: 37.19.207.37 | F14: TLSv1.3 | G14: 989 | H14: Application Data
... A524: 523 | B524: 60.432139 | C524: 1.37e-05 | D524: 192.168.1.222 | E524: 37.19.207.37 | F524: TCP | G524: 0 | H524: 51472 > 443 [ACK] Seq=38311 Ack=336515 Win=261120 Len=0

Sheet blg5
A1: No. | B1: Time | C1: Delta | D1: Source | E1: Destination | F1: Protocol | G1: TCP Segment Len | H1: Info
A2: 1 | B2: 0 | D2: 192.168.1.222 | E2: 37.19.207.37 | F2: TLSv1.2 | G2: 1194 | H2: Application Data
A3: 2 | B3: 6.21e-05 | C3: 6.21e-05 | D3: 192.168.1.222 | E3: 37.19.207.37 | F3: TLSv1.2 | G3: 39 | H3: Application Data
A4: 3 | B4: 0.008472 | C4: 0.0084099 | D4: 37.19.207.37 | E4: 192.168.1.222 | F4: TCP | G4: 0 | H4: 443 > 51379 [ACK] Seq=1 Ack=1195 Win=61 Len=0
A5: 4 | B5: 0.008472 | C5: 0 | D5: 37.19.207.37 | E5: 192.168.1.222 | F5: TCP | G5: 0 | H5: 443 > 51379 [ACK] Seq=1 Ack=1234 Win=61 Len=0
A6: 5 | B6: 0.008472 | C6: 0 | D6: 37.19.207.37 | E6: 192.168.1.222 | F6: TLSv1.2 | G6: 39 | H6: Application Data
A7: 6 | B7: 0.0508057 | C7: 0.0423337 | D7: 192.168.1.222 | E7: 37.19.207.37 | F7: TCP | G7: 0 | H7: 51379 > 443 [ACK] Seq=1234 Ack=40 Win=1020 Len=0
A8: 7 | B8: 0.6259022 | C8: 0.5750965 | D8: 37.19.207.37 | E8: 192.168.1.222 | F8: TLSv1.2 | G8: 1415 | H8: Application Data
A9: 8 | B9: 0.6261258 | C9: 0.0002236 | D9: 37.19.207.37 | E9: 192.168.1.222 | F9: TCP | G9: 1460 | H9: 443 > 51379 [ACK] Seq=1455 Ack=1234 Win=61 Len=1460 [TCP PDU reassembled in 13]
A10: 9 | B10: 0.6261258 | C10: 0 | D10: 37.19.207.37 | E10: 192.168.1.222 | F10: TCP | G10: 1460 | H10: 443 > 51379 [ACK] Seq=2915 Ack=1234 Win=61 Len=1460 [TCP PDU reassembled in 13]
A11: 10 | B11: 0.6261258 | C11: 0 | D11: 37.19.207.37 | E11: 192.168.1.222 | F11: TCP | G11: 1460 | H11: 443 > 51379 [ACK] Seq=4375 Ack=1234 Win=61 Len=1460 [TCP PDU reassembled in 13]
A12: 11 | B12: 0.6261488 | C12: 2.3e-05 | D12: 192.168.1.222 | E12: 37.19.207.37 | F12: TCP | G12: 0 | H12: 51379 > 443 [ACK] Seq=1234 Ack=5835 Win=1026 Len=0
A13: 12 | B13: 0.6262526 | C13: 0.0001038 | D13: 37.19.207.37 | E13: 192.168.1.222 | F13: TCP | G13: 1460 | H13: 443 > 51379 [PSH, ACK] Seq=5835 Ack=1234 Win=61 Len=1460 [TCP PDU reassembled in 13]
A14: 13 | B14: 0.6272176 | C14: 0.000965 | D14: 37.19.207.37 | E14: 192.168.1.222 | F14: TLSv1.2 | G14: 193 | H14: Application Data
... A652: 651 | B652: 57.691908 | C652: 7.17e-05 | D652: 192.168.1.222 | E652: 37.19.207.37 | F652: TCP | G652: 0 | H652: 51400 > 443 [ACK] Seq=18330 Ack=152400 Win=262656 Len=0

Sheet blg4
A1: No. | B1: Time | C1: Delta | D1: Source | E1: Destination | F1: Protocol | G1: TCP Segment Len | H1: Info
A2: 1 | B2: 0 | D2: 192.168.1.222 | E2: 37.19.207.37 | F2: TCP | G2: 0 | H2: 51379 > 443 [SYN] Seq=0 Win=64240 Len=0 MSS=1460 WS=256 SACK_PERM
A3: 2 | B3: 0.0085382 | C3: 0.0085382 | D3: 37.19.207.37 | E3: 192.168.1.222 | F3: TCP | G3: 0 | H3: 443 > 51379 [SYN, ACK] Seq=0 Ack=1 Win=65535 Len=0 MSS=1460 SACK_PERM WS=2048
A4: 3 | B4: 0.0085882 | C4: 5e-05 | D4: 192.168.1.222 | E4: 37.19.207.37 | F4: TCP | G4: 0 | H4: 51379 > 443 [ACK] Seq=1 Ack=1 Win=262656 Len=0
A5: 4 | B5: 0.0089401 | C5: 0.0003519 | D5: 192.168.1.222 | E5: 37.19.207.37 | F5: TLSv1.3 | G5: 1819 | H5: Client Hello (SNI=backloggd.com)
A6: 5 | B6: 0.0197038 | C6: 0.0107637 | D6: 37.19.207.37 | E6: 192.168.1.222 | F6: TCP | G6: 0 | H6: 443 > 51379 [ACK] Seq=1 Ack=1820 Win=69632 Len=0
A7: 6 | B7: 0.02025 | C7: 0.0005462 | D7: 37.19.207.37 | E7: 192.168.1.222 | F7: TLSv1.3 | G7: 1460 | H7: Server Hello, Change Cipher Spec, Application Data
A8: 7 | B8: 0.02025 | C8: 0 | D8: 37.19.207.37 | E8: 192.168.1.222 | F8: TCP | G8: 1460 | H8: 443 > 51379 [ACK] Seq=1461 Ack=1820 Win=69632 Len=1460 [TCP PDU reassembled in 10]
A9: 8 | B9: 0.02025 | C9: 0 | D9: 37.19.207.37 | E9: 192.168.1.222 | F9: TCP | G9: 1176 | H9: 443 > 51379 [PSH, ACK] Seq=2921 Ack=1820 Win=69632 Len=1176 [TCP PDU reassembled in 10]
A10: 9 | B10: 0.0203149 | C10: 6.49e-05 | D10: 192.168.1.222 | E10: 37.19.207.37 | F10: TCP | G10: 0 | H10: 51379 > 443 [ACK] Seq=1820 Ack=4097 Win=262656 Len=0
A11: 10 | B11: 0.0205707 | C11: 0.0002558 | D11: 37.19.207.37 | E11: 192.168.1.222 | F11: TLSv1.3 | G11: 434 | H11: Application Data, Application Data, Application Data
A12: 11 | B12: 0.0205891 | C12: 1.84e-05 | D12: 192.168.1.222 | E12: 37.19.207.37 | F12: TCP | G12: 0 | H12: 51379 > 443 [ACK] Seq=1820 Ack=4531 Win=262144 Len=0
A13: 12 | B13: 0.0216509 | C13: 0.0010618 | D13: 192.168.1.222 | E13: 37.19.207.37 | F13: TLSv1.3 | G13: 80 | H13: Change Cipher Spec, Application Data
A14: 13 | B14: 0.0219472 | C14: 0.0002963 | D14: 192.168.1.222 | E14: 37.19.207.37 | F14: TLSv1.3 | G14: 92 | H14: Application Data
... A691: 690 | B691: 58.88807 | C691: 0.0073449 | D691: 37.19.207.37 | E691: 192.168.1.222 | F691: TCP | G691: 0 | H691: [TCP Keep-Alive ACK] 443 > 51385 [ACK] Seq=48469 Ack=3123 Win=81920 Len=0 SLE=3122 SRE=3123

Sheet blg3
A1: No. | B1: Time | C1: Delta | D1: Source | E1: Destination | F1: Protocol | G1: Length | H1: Info
A2: 1 | B2: 0 | C2: 0.018789 | D2: 37.19.207.38 | E2: 100.86.94.167 | F2: TCP | G2: 66 | H2: 443 > 45213 [SYN, ACK] Seq=0 Ack=1 Win=65535 Len=0 MSS=1460 SACK_PERM WS=2048
A3: 2 | B3: 0.000744 | C3: 0.000744 | D3: 100.86.94.167 | E3: 37.19.207.38 | F3: TCP | G3: 54 | H3: 45213 > 443 [ACK] Seq=1 Ack=1 Win=65280 Len=0
A4: 3 | B4: 0.003526 | C4: 0.002782 | D4: 100.86.94.167 | E4: 37.19.207.38 | F4: TLSv1.3 | G4: 1952 | H4: Client Hello (SNI=backloggd.com)
A5: 4 | B5: 0.013112 | C5: 0.009586 | D5: 100.86.94.167 | E5: 34.120.237.76 | F5: TLSv1.2 | G5: 264 | H5: Application Data
A6: 5 | B6: 0.013865 | C6: 0.000753 | D6: 37.19.207.38 | E6: 100.86.94.167 | F6: TCP | G6: 56 | H6: 443 > 45213 [ACK] Seq=1 Ack=1899 Win=71680 Len=0
A7: 6 | B7: 0.013865 | C7: 0 | D7: 37.19.207.38 | E7: 100.86.94.167 | F7: TLSv1.3 | G7: 1514 | H7: Server Hello, Change Cipher Spec, Application Data
A8: 7 | B8: 0.014355 | C8: 0.00049 | D8: 37.19.207.38 | E8: 100.86.94.167 | F8: TCP | G8: 1514 | H8: 443 > 45213 [PSH, ACK] Seq=1461 Ack=1899 Win=71680 Len=1460 [TCP segment of a reassembled PDU]
A9: 8 | B9: 0.014355 | C9: 0 | D9: 37.19.207.38 | E9: 100.86.94.167 | F9: TCP | G9: 1230 | H9: 443 > 45213 [PSH, ACK] Seq=2921 Ack=1899 Win=71680 Len=1176 [TCP segment of a reassembled PDU]
A10: 9 | B10: 0.014692 | C10: 0.000337 | D10: 37.19.207.38 | E10: 100.86.94.167 | F10: TLSv1.3 | G10: 488 | H10: Application Data, Application Data, Application Data
A11: 10 | B11: 0.01484 | C11: 0.000148 | D11: 100.86.94.167 | E11: 37.19.207.38 | F11: TCP | G11: 54 | H11: 45213 > 443 [ACK] Seq=1899 Ack=2921 Win=65280 Len=0
A12: 11 | B12: 0.015357 | C12: 0.000517 | D12: 100.86.94.167 | E12: 37.19.207.38 | F12: TCP | G12: 54 | H12: 45213 > 443 [ACK] Seq=1899 Ack=4531 Win=65280 Len=0
A13: 12 | B13: 0.022084 | C13: 0.006727 | D13: 100.86.94.167 | E13: 37.19.207.38 | F13: TLSv1.3 | G13: 134 | H13: Change Cipher Spec, Application Data
... A4510: 4509 | B4510: 63.899427 | C4510: 0.447617 | D4510: 100.86.94.167 | E4510: 151.101.129.140 | F4510: TLSv1.2 | G4510: 93 | H4510: Application Data

Sheet blg2
A1: No. | B1: Time | C1: Delta | D1: Source | E1: Destination | F1: Protocol | G1: Length | H1: Info
A2: 1 | B2: 0 | C2: 0.000763 | D2: 37.19.207.38 | E2: 100.85.89.241 | F2: TCP | G2: 66 | H2: 443 > 53450 [SYN, ACK] Seq=0 Ack=1 Win=65535 Len=0 MSS=1460 SACK_PERM WS=2048
A3: 2 | B3: 0.000315 | C3: 0.000315 | D3: 100.85.89.241 | E3: 37.19.207.38 | F3: TCP | G3: 54 | H3: 53450 > 443 [ACK] Seq=1 Ack=1 Win=65280 Len=0
A4: 3 | B4: 0.001317 | C4: 0.001002 | D4: 100.85.89.241 | E4: 37.19.207.38 | F4: TLSv1.3 | G4: 1809 | H4: Client Hello (SNI=backloggd.com)
A5: 4 | B5: 0.001803 | C5: 0.000486 | D5: 128.239.29.9 | E5: 100.85.89.241 | F5: DNS | G5: 274 | H5: Standard query response 0xbaee HTTPS nav-edge.smartscreen.microsoft.com CNAME prod-atm-wds-edge.trafficmanager.net CNAME prod-agic-wu-2.westus.cloudapp.azure.com SOA ns1-02.azure-dns.com
A6: 5 | B6: 0.002027 | C6: 0.000224 | D6: 128.239.29.9 | E6: 100.85.89.241 | F6: DNS | G6: 214 | H6: Standard query response 0xfa61 A nav-edge.smartscreen.microsoft.com CNAME prod-atm-wds-edge.trafficmanager.net CNAME prod-agic-wu-2.westus.cloudapp.azure.com A 40.118.171.167
A7: 6 | B7: 0.003358 | C7: 0.001331 | D7: 100.85.89.241 | E7: 40.118.171.167 | F7: TCP | G7: 66 | H7: 43993 > 443 [SYN] Seq=0 Win=65535 Len=0 MSS=1460 WS=256 SACK_PERM
A8: 7 | B8: 0.012401 | C8: 0.009043 | D8: 37.19.207.38 | E8: 100.85.89.241 | F8: TCP | G8: 56 | H8: 443 > 53450 [ACK] Seq=1 Ack=1756 Win=71680 Len=0
A9: 8 | B9: 0.012944 | C9: 0.000543 | D9: 37.19.207.38 | E9: 100.85.89.241 | F9: TLSv1.3 | G9: 1514 | H9: Server Hello, Change Cipher Spec, Application Data
A10: 9 | B10: 0.012944 | C10: 0 | D10: 37.19.207.38 | E10: 100.85.89.241 | F10: TCP | G10: 1514 | H10: 443 > 53450 [PSH, ACK] Seq=1461 Ack=1756 Win=71680 Len=1460 [TCP segment of a reassembled PDU]
A11: 10 | B11: 0.012944 | C11: 0 | D11: 37.19.207.38 | E11: 100.85.89.241 | F11: TCP | G11: 1230 | H11: 443 > 53450 [PSH, ACK] Seq=2921 Ack=1756 Win=71680 Len=1176 [TCP segment of a reassembled PDU]
A12: 11 | B12: 0.013344 | C12: 0.0004 | D12: 100.85.89.241 | E12: 37.19.207.38 | F12: TCP | G12: 54 | H12: 53450 > 443 [ACK] Seq=1756 Ack=4097 Win=65280 Len=0
A13: 12 | B13: 0.013566 | C13: 0.000222 | D13: 37.19.207.38 | E13: 100.85.89.241 | F13: TLSv1.3 | G13: 488 | H13: Application Data, Application Data, Application Data
... A4896: 4895 | B4896: 72.391394 | C4896: 0.01285 | D4896: 37.19.207.38 | E4896: 100.85.89.241 | F4896: TCP | G4896: 66 | H4896: [TCP Keep-Alive ACK] 443 > 53450 [ACK] Seq=59548 Ack=3769 Win=83968 Len=0 SLE=3768 SRE=3769

Sheet blg
A1: No. | B1: Time | C1: Delta | D1: Source | E1: Destination | F1: Protocol | G1: TCP Segment Len | H1: Info
A2: 1 | B2: 0 | D2: 192.168.1.222 | E2: 37.19.207.38 | F2: TCP | G2: 1 | H2: 51029 > 443 [ACK] Seq=1 Ack=1 Win=1026 Len=1
A3: 2 | B3: 0.0084218 | C3: 0.0084218 | D3: 37.19.207.38 | E3: 192.168.1.222 | F3: TCP | G3: 0 | H3: 443 > 51029 [ACK] Seq=1 Ack=2 Win=37 Len=0 SLE=1 SRE=2
A4: 3 | B4: 7.5957364 | C4: 7.5873146 | D4: 192.168.1.222 | E4: 37.19.207.38 | F4: TLSv1.2 | G4: 96 | H4: Application Data
A5: 4 | B5: 7.5957617 | C5: 2.53e-05 | D5: 192.168.1.222 | E5: 37.19.207.38 | F5: TLSv1.2 | G5: 39 | H5: Application Data
A6: 5 | B6: 7.595798 | C6: 3.63e-05 | D6: 192.168.1.222 | E6: 37.19.207.38 | F6: TLSv1.2 | G6: 96 | H6: Application Data
A7: 6 | B7: 7.5959768 | C7: 0.0001788 | D7: 192.168.1.222 | E7: 37.19.207.38 | F7: TLSv1.2 | G7: 96 | H7: Application Data
A8: 7 | B8: 7.6058797 | C8: 0.0099029 | D8: 37.19.207.38 | E8: 192.168.1.222 | F8: TCP | G8: 0 | H8: 443 > 51030 [ACK] Seq=1 Ack=97 Win=37 Len=0
A9: 8 | B9: 7.6058797 | C9: 0 | D9: 37.19.207.38 | E9: 192.168.1.222 | F9: TCP | G9: 0 | H9: 443 > 51030 [ACK] Seq=1 Ack=136 Win=37 Len=0
A10: 9 | B10: 7.6058797 | C10: 0 | D10: 37.19.207.38 | E10: 192.168.1.222 | F10: TCP | G10: 0 | H10: 443 > 51030 [ACK] Seq=1 Ack=232 Win=37 Len=0
A11: 10 | B11: 7.6058797 | C11: 0 | D11: 37.19.207.38 | E11: 192.168.1.222 | F11: TCP | G11: 0 | H11: 443 > 51030 [ACK] Seq=1 Ack=328 Win=37 Len=0
A12: 11 | B12: 7.6058797 | C12: 0 | D12: 37.19.207.38 | E12: 192.168.1.222 | F12: TLSv1.2 | G12: 39 | H12: Application Data
A13: 12 | B13: 7.6510917 | C13: 0.045212 | D13: 192.168.1.222 | E13: 37.19.207.38 | F13: TCP | G13: 0 | H13: 51030 > 443 [ACK] Seq=328 Ack=40 Win=1026 Len=0
A14: 13 | B14: 7.656921 | C14: 0.0058293 | D14: 37.19.207.38 | E14: 192.168.1.222 | F14: TLSv1.2 | G14: 503 | H14: Application Data
... A400: 399 | B400: 75.192868 | C400: 1.24e-05 | D400: 192.168.1.222 | E400: 37.19.207.38 | F400: TCP | G400: 0 | H400: 51030 > 443 [ACK] Seq=2027 Ack=319108 Win=1026 Len=0
