Workbook

Sheet Sheet1
A1: Packet count | B1: Total packet length | C1: Average packet length | D1: Mininum packet length | E1: Maximum packet length | F1: Packet length variance | G1: Avg. packet interval | H1: Min. packet interval | I1: Max. packet interval | J1: Packet intvl variance | K1: Label
A2: 837 | B2: 930462 | C2: 1111.6631 | D2: 0 | E2: =MAX(gh!G2:G838) -> 1895 | F2: =_xlfn.VAR.S(gh!G2:G838) -> 331603.66 | G2: 0.064780736 | H2: 0 | I2: 29.980297 | J2: =_xlfn.VAR.S(gh!C2:C838) -> 1.2497481 | K2: Github
A3: 4134 | B3: 2767007 | C3: 669.32922 | D3: 0 | E3: =MAX('gh2'!G2:G4135) -> 3785 | F3: =_xlfn.VAR.S('gh2'!G2:G4135) -> 446234.88 | G3: 0.016462516 | H3: -0.00067 | I3: 5.576251 | J3: =_xlfn.VAR.S('gh2'!C2:C4135) -> 0.029440695 | K3: Github
A4: 676 | B4: 396388 | C4: =AVERAGE('gh3'!G2:G677) -> 586.37278 | D4: 0 | E4: =MAX('gh3'!G2:G577) -> 6572 | F4: =_xlfn.VAR.S('gh3'!G2:G677) -> 555898.51 | G4: 0.092902178 | H4: -1.6e-05 | I4: 7.129898 | J4: =_xlfn.VAR.S('gh3'!C2:C677) -> 0.29615796 | K4: Github
A5: {=LOOKUP(2,1/(NOT(ISBLANK('gh4'!A:A))),'gh4'!A:A)} -> 2127 | B5: =SUM('gh4'!G2:G2128) -> 1877618 | C5: =AVERAGE('gh4'!G2:G2128) -> 882.75411 | D5: =MIN('gh4'!G2:G2128) -> 0 | E5: =MAX('gh4'!G2:G2128) -> 1895 | F5: =_xlfn.VAR.S('gh4'!G2:G2128) -> 422412.1 | G5: =AVERAGE('gh4'!C2:C2128) -> 0.049914286 | H5: =MIN('gh4'!C2:C2128) -> 0 | I5: =MAX('gh4'!C2:C2128) -> 29.999829 | J5: =_xlfn.VAR.S('gh4'!C2:C2128) -> 0.48959859 | K5: Github
A6: {=LOOKUP(2,1/(NOT(ISBLANK('gh5'!A:A))),'gh5'!A:A)} -> 2028 | B6: =SUM('gh5'!G2:G2029) -> 1654487 | C6: =AVERAGE('gh5'!G2:G2029) -> 815.82199 | D6: =MIN('gh5'!G2:G2029) -> 0 | E6: =MAX('gh5'!G2:G2029) -> 1895 | F6: =_xlfn.VAR.S('gh5'!G2:G2029) -> 420823.29 | G6: =AVERAGE('gh5'!C2:C2029) -> 0.032880304 | H6: =MIN('gh5'!C2:C2029) -> 0 | I6: =MAX('gh5'!C2:C2029) -> 13.95637 | J6: =_xlfn.VAR.S('gh5'!C2:C2029) -> 0.12130088 | K6: Github
A7: {=LOOKUP(2,1/(NOT(ISBLANK('gh6'!A:A))),'gh6'!A:A)} -> 1963 | B7: =SUM('gh6'!G2:G1964) -> 1767633 | C7: =AVERAGE('gh6'!G2:G1964) -> 900.47529 | D7: =MIN('gh6'!G2:G1964) -> 0 | E7: =MAX('gh6'!G2:G1964) -> 1895 | F7: =_xlfn.VAR.S('gh6'!G2:G1964) -> 417187.55 | G7: =AVERAGE('gh6'!C2:C1964) -> 0.039948179 | H7: =MIN('gh6'!C2:C1964) -> 0 | I7: =MAX('gh6'!C2:C1964) -> 17.952804 | J7: =_xlfn.VAR.S('gh6'!C2:C1964) -> 0.20573631 | K7: Github
A8: {=LOOKUP(2,1/(NOT(ISBLANK('gh7'!A:A))),'gh7'!A:A)} -> 1708 | B8: =SUM('gh7'!G2:G1709) -> 1568620 | C8: =AVERAGE('gh7'!G2:G1709) -> 918.39578 | D8: =MIN('gh7'!G2:G1709) -> 0 | E8: =MAX('gh7'!G2:G1709) -> 1895 | F8: =_xlfn.VAR.S('gh7'!G2:G1709) -> 409591.39 | G8: =AVERAGE('gh7'!C2:C1709) -> 0.045455096 | H8: =MIN('gh7'!C2:C1709) -> 0 | I8: =MAX('gh7'!C2:C1709) -> 8.0219844 | J8: =_xlfn.VAR.S('gh7'!C2:C1709) -> 0.10998075 | K8: Github
A9: {=LOOKUP(2,1/(NOT(ISBLANK('gh8'!A:A))),'gh8'!A:A)} -> 2512 | B9: =SUM('gh8'!G2:G2513) -> 2158643 | C9: =AVERAGE('gh8'!G2:G2513) -> 859.3324 | D9: =MIN('gh8'!G2:G2513) -> 0 | E9: =MAX('gh8'!G2:G2513) -> 1784 | F9: =_xlfn.VAR.S('gh8'!G2:G2513) -> 411769.88 | G9: =AVERAGE('gh8'!C2:C2513) -> 0.024276241 | H9: =MIN('gh8'!C2:C2513) -> 0 | I9: =MAX('gh8'!C2:C2513) -> 2.9208168 | J9: =_xlfn.VAR.S('gh8'!C2:C2513) -> 0.017453065 | K9: Github
A10: {=LOOKUP(2,1/(NOT(ISBLANK('gh9'!A:A))),'gh9'!A:A)} -> 2285 | B10: =SUM('gh9'!G2:G2286) -> 1940468 | C10: =AVERAGE('gh9'!G2:G2286) -> 849.22013 | D10: =MIN('gh9'!G2:G2286) -> 0 | E10: =MAX('gh9'!G2:G2286) -> 1895 | F10: =_xlfn.VAR.S('gh9'!G2:G2286) -> 417545.82 | G10: =AVERAGE('gh9'!C2:C2286) -> 0.027302272 | H10: =MIN('gh9'!C2:C2286) -> 0 | I10: =MAX('gh9'!C2:C2286) -> 2.2216397 | J10: =_xlfn.VAR.S('gh9'!C2:C2286) -> 0.022020542 | K10: Github
A11: {=LOOKUP(2,1/(NOT(ISBLANK('gh10'!A:A))),'gh10'!A:A)} -> 1714 | B11: =SUM('gh10'!G2:G1715) -> 1480043 | C11: =AVERAGE('gh10'!G2:G1715) -> 863.50233 | D11: =MIN('gh10'!G2:G1715) -> 0 | E11: =MAX('gh10'!G2:G1715) -> 1831 | F11: =_xlfn.VAR.S('gh10'!G2:G1715) -> 416477.9 | G11: =AVERAGE('gh10'!C2:C1715) -> 0.036792954 | H11: =MIN('gh10'!C2:C1715) -> 0 | I11: =MAX('gh10'!C2:C1715) -> 11.741102 | J11: =_xlfn.VAR.S('gh10'!C2:C1715) -> 0.11393292 | K11: Github

Sheet gh
A1: No. | B1: Time | C1: Delta | D1: Source | E1: Destination | F1: Protocol | G1: TCP Segment Len | H1: Info
A2: 1 | B2: 0 | D2: 192.168.1.222 | E2: 140.82.112.4 | F2: TCP | G2: 0 | H2: 51061 > 443 [SYN] Seq=0 Win=64240 Len=0 MSS=1460 WS=256 SACK_PERM
A3: 2 | B3: 0.0088127 | C3: 0.0088127 | D3: 140.82.112.4 | E3: 192.168.1.222 | F3: TCP | G3: 0 | H3: 443 > 51061 [SYN, ACK] Seq=0 Ack=1 Win=65535 Len=0 MSS=1436 SACK_PERM WS=1024
A4: 3 | B4: 0.0089059 | C4: 9.32e-05 | D4: 192.168.1.222 | E4: 140.82.112.4 | F4: TCP | G4: 0 | H4: 51061 > 443 [ACK] Seq=1 Ack=1 Win=262656 Len=0
A5: 4 | B5: 0.0092304 | C5: 0.0003245 | D5: 192.168.1.222 | E5: 140.82.112.4 | F5: TLSv1.3 | G5: 1895 | H5: Client Hello (SNI=github.com)
A6: 5 | B6: 0.0193561 | C6: 0.0101257 | D6: 140.82.112.4 | E6: 192.168.1.222 | F6: TCP | G6: 0 | H6: 443 > 51061 [ACK] Seq=1 Ack=1896 Win=71680 Len=0
A7: 6 | B7: 0.020459 | C7: 0.0011029 | D7: 140.82.112.4 | E7: 192.168.1.222 | F7: TLSv1.3 | G7: 1436 | H7: Server Hello, Change Cipher Spec, Application Data
A8: 7 | B8: 0.020459 | C8: 0 | D8: 140.82.112.4 | E8: 192.168.1.222 | F8: TCP | G8: 1436 | H8: 443 > 51061 [PSH, ACK] Seq=1437 Ack=1896 Win=71680 Len=1436 [TCP PDU reassembled in 8]
A9: 8 | B9: 0.020459 | C9: 0 | D9: 140.82.112.4 | E9: 192.168.1.222 | F9: TLSv1.3 | G9: 221 | H9: Application Data, Application Data, Application Data
A10: 9 | B10: 0.0204928 | C10: 3.38e-05 | D10: 192.168.1.222 | E10: 140.82.112.4 | F10: TCP | G10: 0 | H10: 51061 > 443 [ACK] Seq=1896 Ack=3094 Win=262656 Len=0
A11: 10 | B11: 0.0209359 | C11: 0.0004431 | D11: 192.168.1.222 | E11: 140.82.112.4 | F11: TLSv1.3 | G11: 64 | H11: Change Cipher Spec, Application Data
A12: 11 | B12: 0.0211511 | C12: 0.0002152 | D12: 192.168.1.222 | E12: 140.82.112.4 | F12: TLSv1.3 | G12: 92 | H12: Application Data
A13: 12 | B13: 0.0212062 | C13: 5.51e-05 | D13: 192.168.1.222 | E13: 140.82.112.4 | F13: TLSv1.3 | G13: 1113 | H13: Application Data
A14: 13 | B14: 0.0302058 | C14: 0.0089996 | D14: 140.82.112.4 | E14: 192.168.1.222 | F14: TLSv1.3 | G14: 79 | H14: Application Data
... A838: 837 | B838: 54.156695 | C838: 4.08e-05 | D838: 192.168.1.222 | E838: 140.82.112.4 | F838: TCP | G838: 0 | H838: 51064 > 443 [ACK] Seq=4762 Ack=786033 Win=262656 Len=0

Sheet gh2
A1: No. | B1: Time | C1: Delta | D1: Source | E1: Destination | F1: Protocol | G1: Length | H1: Info
A2: 1 | B2: 0 | D2: 140.82.113.4 | E2: 100.85.89.241 | F2: TCP | G2: 66 | H2: 443 > 60251 [SYN, ACK] Seq=0 Ack=1 Win=65535 Len=0 MSS=1436 SACK_PERM WS=1024
A3: 2 | B3: 0.000453 | C3: =B3-B2 -> 0.000453 | D3: 100.85.89.241 | E3: 140.82.113.4 | F3: TCP | G3: 54 | H3: 60251 > 443 [ACK] Seq=1 Ack=1 Win=65280 Len=0
A4: 3 | B4: 0.001189 | C4: =B4-B3 -> 0.000736 | D4: 100.85.89.241 | E4: 140.82.113.4 | F4: TLSv1.3 | G4: 1917 | H4: Client Hello (SNI=github.com)
A5: 4 | B5: 0.016036 | C5: =B5-B4 -> 0.014847 | D5: 140.82.113.4 | E5: 100.85.89.241 | F5: TCP | G5: 56 | H5: 443 > 60251 [ACK] Seq=1 Ack=1864 Win=71680 Len=0
A6: 5 | B6: 0.016036 | C6: =B6-B5 -> 0 | D6: 140.82.113.4 | E6: 100.85.89.241 | F6: TLSv1.3 | G6: 1490 | H6: Server Hello, Change Cipher Spec, Application Data
A7: 6 | B7: 0.018492 | C7: =B7-B6 -> 0.002456 | D7: 140.82.113.4 | E7: 100.85.89.241 | F7: TCP | G7: 1490 | H7: 443 > 60251 [PSH, ACK] Seq=1437 Ack=1864 Win=71680 Len=1436 [TCP segment of a reassembled PDU]
A8: 7 | B8: 0.018492 | C8: =B8-B7 -> 0 | D8: 140.82.113.4 | E8: 100.85.89.241 | F8: TLSv1.3 | G8: 277 | H8: Application Data, Application Data, Application Data
A9: 8 | B9: 0.018853 | C9: =B9-B8 -> 0.000361 | D9: 100.85.89.241 | E9: 140.82.113.4 | F9: TCP | G9: 54 | H9: 60251 > 443 [ACK] Seq=1864 Ack=2873 Win=65280 Len=0
A10: 9 | B10: 0.019989 | C10: =B10-B9 -> 0.001136 | D10: 100.85.89.241 | E10: 140.82.113.4 | F10: TLSv1.3 | G10: 118 | H10: Change Cipher Spec, Application Data
A11: 10 | B11: 0.020646 | C11: =B11-B10 -> 0.000657 | D11: 100.85.89.241 | E11: 140.82.113.4 | F11: TLSv1.3 | G11: 146 | H11: Application Data
A12: 11 | B12: 0.020949 | C12: =B12-B11 -> 0.000303 | D12: 100.85.89.241 | E12: 140.82.113.4 | F12: TLSv1.3 | G12: 1434 | H12: Application Data
A13: 12 | B13: 0.038653 | C13: =B13-B12 -> 0.017704 | D13: 140.82.113.4 | E13: 100.85.89.241 | F13: TCP | G13: 56 | H13: 443 > 60251 [ACK] Seq=3096 Ack=3400 Win=74752 Len=0
A14: 13 | B14: 0.0406 | C14: =B14-B13 -> 0.001947 | D14: 140.82.113.4 | E14: 100.85.89.241 | F14: TLSv1.3 | G14: 133 | H14: Application Data
... A4135: 4134 | B4135: 68.039577 | C4135: =B4135-B4134 -> 0.000534 | D4135: 100.85.89.241 | E4135: 128.239.29.9 | F4135: TCP | G4135: 54 | H4135: 52055 > 53 [RST, ACK] Seq=32 Ack=47 Win=0 Len=0

Sheet gh3
A1: No. | B1: Time | C1: Delta | D1: Source | E1: Destination | F1: Protocol | G1: Length | H1: Info
A2: 1 | B2: 0 | C2: 0 | D2: 140.82.112.26 | E2: 100.86.94.167 | F2: TCP | G2: 66 | H2: 443 > 59915 [SYN, ACK] Seq=0 Ack=1 Win=65535 Len=0 MSS=1436 SACK_PERM WS=1024
A3: 2 | B3: 0.000316 | C3: 0.000316 | D3: 100.86.94.167 | E3: 140.82.112.26 | F3: TCP | G3: 54 | H3: 59915 > 443 [ACK] Seq=1 Ack=1 Win=65280 Len=0
A4: 3 | B4: 0.000704 | C4: 0.000388 | D4: 140.82.114.4 | E4: 100.86.94.167 | F4: TLSv1.2 | G4: 1490 | H4: Application Data
A5: 4 | B5: 0.001261 | C5: 0.000557 | D5: 100.86.94.167 | E5: 140.82.112.26 | F5: TLSv1.3 | G5: 1847 | H5: Client Hello (SNI=alive.github.com)
A6: 5 | B6: 0.001498 | C6: 0.000237 | D6: 140.82.114.4 | E6: 100.86.94.167 | F6: TLSv1.2 | G6: 1490 | H6: Application Data
A7: 6 | B7: 0.001498 | C7: 0 | D7: 140.82.114.4 | E7: 100.86.94.167 | F7: TLSv1.2 | G7: 1490 | H7: Application Data
A8: 7 | B8: 0.001498 | C8: 0 | D8: 140.82.114.4 | E8: 100.86.94.167 | F8: TLSv1.2 | G8: 1309 | H8: Application Data
A9: 8 | B9: 0.002066 | C9: 0.000568 | D9: 100.86.94.167 | E9: 140.82.114.4 | F9: TCP | G9: 54 | H9: 22054 > 443 [ACK] Seq=2991 Ack=46838 Win=255 Len=0
A10: 9 | B10: 0.002443 | C10: 0.000377 | D10: 100.86.94.167 | E10: 140.82.114.4 | F10: TCP | G10: 54 | H10: 22054 > 443 [ACK] Seq=2991 Ack=49529 Win=255 Len=0
A11: 10 | B11: 0.005743 | C11: 0.0033 | D11: 140.82.114.4 | E11: 100.86.94.167 | F11: TLSv1.2 | G11: 1490 | H11: Application Data
A12: 11 | B12: 0.005743 | C12: 0 | D12: 140.82.114.4 | E12: 100.86.94.167 | F12: TLSv1.2 | G12: 1490 | H12: Application Data
A13: 12 | B13: 0.005743 | C13: 0 | D13: 140.82.114.4 | E13: 100.86.94.167 | F13: TLSv1.2 | G13: 1490 | H13: Application Data
... A677: 676 | B677: 62.801872 | C677: 0.000208 | D677: 100.86.94.167 | E677: 48.211.71.198 | F677: TCP | G677: 54 | H677: 20503 > 443 [ACK] Seq=2 Ack=2 Win=251 Len=0

Sheet gh4
A1: No. | B1: Time | C1: Delta | D1: Source | E1: Destination | F1: Protocol | G1: TCP Segment Len | H1: Info
A2: 1 | B2: 0 | D2: 192.168.1.222 | E2: 140.82.114.4 | F2: TCP | G2: 0 | H2: 51169 > 443 [SYN] Seq=0 Win=64240 Len=0 MSS=1460 WS=256 SACK_PERM
A3: 2 | B3: 0.0081467 | C3: 0.0081467 | D3: 140.82.114.4 | E3: 192.168.1.222 | F3: TCP | G3: 0 | H3: 443 > 51169 [SYN, ACK] Seq=0 Ack=1 Win=65535 Len=0 MSS=1436 SACK_PERM WS=1024
A4: 3 | B4: 0.0081869 | C4: 4.02e-05 | D4: 192.168.1.222 | E4: 140.82.114.4 | F4: TCP | G4: 0 | H4: 51169 > 443 [ACK] Seq=1 Ack=1 Win=262656 Len=0
A5: 4 | B5: 0.0084786 | C5: 0.0002917 | D5: 192.168.1.222 | E5: 140.82.114.4 | F5: TLSv1.3 | G5: 1831 | H5: Client Hello (SNI=github.com)
A6: 5 | B6: 0.016602 | C6: 0.0081234 | D6: 140.82.114.4 | E6: 192.168.1.222 | F6: TCP | G6: 0 | H6: 443 > 51169 [ACK] Seq=1 Ack=1832 Win=69632 Len=0
A7: 6 | B7: 0.0194654 | C7: 0.0028634 | D7: 140.82.114.4 | E7: 192.168.1.222 | F7: TLSv1.3 | G7: 1436 | H7: Server Hello, Change Cipher Spec, Application Data
A8: 7 | B8: 0.0195013 | C8: 3.59e-05 | D8: 140.82.114.4 | E8: 192.168.1.222 | F8: TCP | G8: 1436 | H8: 443 > 51169 [PSH, ACK] Seq=1437 Ack=1832 Win=69632 Len=1436 [TCP PDU reassembled in 8]
A9: 8 | B9: 0.0195013 | C9: 0 | D9: 140.82.114.4 | E9: 192.168.1.222 | F9: TLSv1.3 | G9: 221 | H9: Application Data, Application Data, Application Data
A10: 9 | B10: 0.0195191 | C10: 1.78e-05 | D10: 192.168.1.222 | E10: 140.82.114.4 | F10: TCP | G10: 0 | H10: 51169 > 443 [ACK] Seq=1832 Ack=3094 Win=262656 Len=0
A11: 10 | B11: 0.0212751 | C11: 0.001756 | D11: 192.168.1.222 | E11: 140.82.114.4 | F11: TLSv1.3 | G11: 64 | H11: Change Cipher Spec, Application Data
A12: 11 | B12: 0.0214376 | C12: 0.0001625 | D12: 192.168.1.222 | E12: 140.82.114.4 | F12: TLSv1.3 | G12: 92 | H12: Application Data
A13: 12 | B13: 0.0214882 | C13: 5.06e-05 | D13: 192.168.1.222 | E13: 140.82.114.4 | F13: TLSv1.3 | G13: 1632 | H13: Application Data
A14: 13 | B14: 0.0299755 | C14: 0.0084873 | D14: 140.82.114.4 | E14: 192.168.1.222 | F14: TLSv1.3 | G14: 79 | H14: Application Data
... A2128: 2127 | B2128: 106.11777 | C2128: 1.96e-05 | D2128: 192.168.1.222 | E2128: 140.82.114.4 | F2128: TCP | G2128: 0 | H2128: 51169 > 443 [RST, ACK] Seq=107913 Ack=1743066 Win=0 Len=0

Sheet gh5
A1: No. | B1: Time | C1: Delta | D1: Source | E1: Destination | F1: Protocol | G1: TCP Segment Len | H1: Info
A2: 1 | B2: 0 | D2: 192.168.1.222 | E2: 140.82.113.3 | F2: TCP | G2: 0 | H2: 51201 > 443 [SYN] Seq=0 Win=64240 Len=0 MSS=1460 WS=256 SACK_PERM
A3: 2 | B3: 0.0083278 | C3: 0.0083278 | D3: 140.82.113.3 | E3: 192.168.1.222 | F3: TCP | G3: 0 | H3: 443 > 51201 [SYN, ACK] Seq=0 Ack=1 Win=65535 Len=0 MSS=1436 SACK_PERM WS=1024
A4: 3 | B4: 0.0083743 | C4: 4.65e-05 | D4: 192.168.1.222 | E4: 140.82.113.3 | F4: TCP | G4: 0 | H4: 51201 > 443 [ACK] Seq=1 Ack=1 Win=262656 Len=0
A5: 4 | B5: 0.0087402 | C5: 0.0003659 | D5: 192.168.1.222 | E5: 140.82.113.3 | F5: TLSv1.3 | G5: 1831 | H5: Client Hello (SNI=github.com)
A6: 5 | B6: 0.0182984 | C6: 0.0095582 | D6: 140.82.113.3 | E6: 192.168.1.222 | F6: TCP | G6: 0 | H6: 443 > 51201 [ACK] Seq=1 Ack=1832 Win=69632 Len=0
A7: 6 | B7: 0.0195372 | C7: 0.0012388 | D7: 140.82.113.3 | E7: 192.168.1.222 | F7: TLSv1.3 | G7: 1436 | H7: Server Hello, Change Cipher Spec, Application Data
A8: 7 | B8: 0.0195372 | C8: 0 | D8: 140.82.113.3 | E8: 192.168.1.222 | F8: TCP | G8: 1436 | H8: 443 > 51201 [PSH, ACK] Seq=1437 Ack=1832 Win=69632 Len=1436 [TCP PDU reassembled in 8]
A9: 8 | B9: 0.0195372 | C9: 0 | D9: 140.82.113.3 | E9: 192.168.1.222 | F9: TLSv1.3 | G9: 223 | H9: Application Data, Application Data, Application Data
A10: 9 | B10: 0.0195784 | C10: 4.12e-05 | D10: 192.168.1.222 | E10: 140.82.113.3 | F10: TCP | G10: 0 | H10: 51201 > 443 [ACK] Seq=1832 Ack=3096 Win=262656 Len=0
A11: 10 | B11: 0.0201251 | C11: 0.0005467 | D11: 192.168.1.222 | E11: 140.82.113.3 | F11: TLSv1.3 | G11: 64 | H11: Change Cipher Spec, Application Data
A12: 11 | B12: 0.0203102 | C12: 0.0001851 | D12: 192.168.1.222 | E12: 140.82.113.3 | F12: TLSv1.3 | G12: 92 | H12: Application Data
A13: 12 | B13: 0.020362 | C13: 5.18e-05 | D13: 192.168.1.222 | E13: 140.82.113.3 | F13: TLSv1.3 | G13: 1428 | H13: Application Data
A14: 13 | B14: 0.0291678 | C14: 0.0088058 | D14: 140.82.113.3 | E14: 192.168.1.222 | F14: TLSv1.3 | G14: 79 | H14: Application Data
... A2029: 2028 | B2029: 66.648376 | C2029: 1.01e-05 | D2029: 192.168.1.222 | E2029: 140.82.113.3 | F2029: TCP | G2029: 0 | H2029: 51201 > 443 [ACK] Seq=114878 Ack=1522448 Win=262656 Len=0

Sheet gh6
A1: No. | B1: Time | C1: Delta | D1: Source | E1: Destination | F1: Protocol | G1: TCP Segment Len | H1: Info
A2: 1 | B2: 0 | D2: 192.168.1.222 | E2: 140.82.113.4 | F2: TCP | G2: 0 | H2: 51273 > 443 [SYN] Seq=0 Win=64240 Len=0 MSS=1460 WS=256 SACK_PERM
A3: 2 | B3: 0.0085951 | C3: 0.0085951 | D3: 140.82.113.4 | E3: 192.168.1.222 | F3: TCP | G3: 0 | H3: 443 > 51273 [SYN, ACK] Seq=0 Ack=1 Win=65535 Len=0 MSS=1436 SACK_PERM WS=1024
A4: 3 | B4: 0.0086451 | C4: 5e-05 | D4: 192.168.1.222 | E4: 140.82.113.4 | F4: TCP | G4: 0 | H4: 51273 > 443 [ACK] Seq=1 Ack=1 Win=262656 Len=0
A5: 4 | B5: 0.0090435 | C5: 0.0003984 | D5: 192.168.1.222 | E5: 140.82.113.4 | F5: TLSv1.3 | G5: 1895 | H5: Client Hello (SNI=github.com)
A6: 5 | B6: 0.0184548 | C6: 0.0094113 | D6: 140.82.113.4 | E6: 192.168.1.222 | F6: TCP | G6: 0 | H6: 443 > 51273 [ACK] Seq=1 Ack=1896 Win=69632 Len=0
A7: 6 | B7: 0.0184548 | C7: 0 | D7: 140.82.113.4 | E7: 192.168.1.222 | F7: TLSv1.3 | G7: 1436 | H7: Server Hello, Change Cipher Spec, Application Data
A8: 7 | B8: 0.0208051 | C8: 0.0023503 | D8: 140.82.113.4 | E8: 192.168.1.222 | F8: TCP | G8: 1436 | H8: 443 > 51273 [PSH, ACK] Seq=1437 Ack=1896 Win=69632 Len=1436 [TCP PDU reassembled in 8]
A9: 8 | B9: 0.0208051 | C9: 0 | D9: 140.82.113.4 | E9: 192.168.1.222 | F9: TLSv1.3 | G9: 222 | H9: Application Data, Application Data, Application Data
A10: 9 | B10: 0.0208514 | C10: 4.63e-05 | D10: 192.168.1.222 | E10: 140.82.113.4 | F10: TCP | G10: 0 | H10: 51273 > 443 [ACK] Seq=1896 Ack=3095 Win=262656 Len=0
A11: 10 | B11: 0.0211888 | C11: 0.0003374 | D11: 192.168.1.222 | E11: 140.82.113.4 | F11: TLSv1.3 | G11: 64 | H11: Change Cipher Spec, Application Data
A12: 11 | B12: 0.0216989 | C12: 0.0005101 | D12: 192.168.1.222 | E12: 140.82.113.4 | F12: TLSv1.3 | G12: 92 | H12: Application Data
A13: 12 | B13: 0.0217551 | C13: 5.62e-05 | D13: 192.168.1.222 | E13: 140.82.113.4 | F13: TLSv1.3 | G13: 1553 | H13: Application Data
A14: 13 | B14: 0.0285601 | C14: 0.006805 | D14: 140.82.113.4 | E14: 192.168.1.222 | F14: TLSv1.3 | G14: 79 | H14: Application Data
... A1964: 1963 | B1964: 78.378327 | C1964: 0.0984076 | D1964: 140.82.113.4 | E1964: 192.168.1.222 | F1964: TLSv1.3 | G1964: 1436 | H1964: Application Data

Sheet gh7
A1: No. | B1: Time | C1: Delta | D1: Source | E1: Destination | F1: Protocol | G1: TCP Segment Len | H1: Info
A2: 1 | B2: 0 | D2: 192.168.1.222 | E2: 140.82.112.3 | F2: TCP | G2: 0 | H2: 51361 > 443 [SYN] Seq=0 Win=64240 Len=0 MSS=1460 WS=256 SACK_PERM
A3: 2 | B3: 0.0068454 | C3: 0.0068454 | D3: 140.82.112.3 | E3: 192.168.1.222 | F3: TCP | G3: 0 | H3: 443 > 51361 [SYN, ACK] Seq=0 Ack=1 Win=65535 Len=0 MSS=1436 SACK_PERM WS=1024
A4: 3 | B4: 0.006874 | C4: 2.86e-05 | D4: 192.168.1.222 | E4: 140.82.112.3 | F4: TCP | G4: 0 | H4: 51361 > 443 [ACK] Seq=1 Ack=1 Win=262656 Len=0
A5: 4 | B5: 0.0071914 | C5: 0.0003174 | D5: 192.168.1.222 | E5: 140.82.112.3 | F5: TLSv1.3 | G5: 1895 | H5: Client Hello (SNI=github.com)
A6: 5 | B6: 0.0159802 | C6: 0.0087888 | D6: 140.82.112.3 | E6: 192.168.1.222 | F6: TCP | G6: 0 | H6: 443 > 51361 [ACK] Seq=1 Ack=1896 Win=69632 Len=0
A7: 6 | B7: 0.017948 | C7: 0.0019678 | D7: 140.82.112.3 | E7: 192.168.1.222 | F7: TLSv1.3 | G7: 1436 | H7: Server Hello, Change Cipher Spec, Application Data
A8: 7 | B8: 0.017948 | C8: 0 | D8: 140.82.112.3 | E8: 192.168.1.222 | F8: TCP | G8: 1436 | H8: 443 > 51361 [PSH, ACK] Seq=1437 Ack=1896 Win=69632 Len=1436 [TCP PDU reassembled in 8]
A9: 8 | B9: 0.017948 | C9: 0 | D9: 140.82.112.3 | E9: 192.168.1.222 | F9: TLSv1.3 | G9: 222 | H9: Application Data, Application Data, Application Data
A10: 9 | B10: 0.0179929 | C10: 4.49e-05 | D10: 192.168.1.222 | E10: 140.82.112.3 | F10: TCP | G10: 0 | H10: 51361 > 443 [ACK] Seq=1896 Ack=3095 Win=262656 Len=0
A11: 10 | B11: 0.0183837 | C11: 0.0003908 | D11: 192.168.1.222 | E11: 140.82.112.3 | F11: TLSv1.3 | G11: 64 | H11: Change Cipher Spec, Application Data
A12: 11 | B12: 0.0194015 | C12: 0.0010178 | D12: 192.168.1.222 | E12: 140.82.112.3 | F12: TLSv1.3 | G12: 92 | H12: Application Data
A13: 12 | B13: 0.0194648 | C13: 6.33e-05 | D13: 192.168.1.222 | E13: 140.82.112.3 | F13: TLSv1.3 | G13: 1797 | H13: Application Data
A14: 13 | B14: 0.0258149 | C14: 0.0063501 | D14: 140.82.112.3 | E14: 192.168.1.222 | F14: TLSv1.3 | G14: 79 | H14: Application Data
... A1709: 1708 | B1709: 77.591849 | C1709: 4.04e-05 | D1709: 192.168.1.222 | E1709: 140.82.112.3 | F1709: TCP | G1709: 0 | H1709: 51365 > 443 [ACK] Seq=5195 Ack=46934 Win=262656 Len=0

Sheet gh8
A1: No. | B1: Time | C1: Delta | D1: Source | E1: Destination | F1: Protocol | G1: TCP Segment Len | H1: Info
A2: 1 | B2: 0 | D2: 192.168.1.222 | E2: 140.82.114.4 | F2: TCP | G2: 0 | H2: 51439 > 443 [SYN] Seq=0 Win=64240 Len=0 MSS=1460 WS=256 SACK_PERM
A3: 2 | B3: 0.0072899 | C3: 0.0072899 | D3: 140.82.114.4 | E3: 192.168.1.222 | F3: TCP | G3: 0 | H3: 443 > 51439 [SYN, ACK] Seq=0 Ack=1 Win=65535 Len=0 MSS=1436 SACK_PERM WS=1024
A4: 3 | B4: 0.0073354 | C4: 4.55e-05 | D4: 192.168.1.222 | E4: 140.82.114.4 | F4: TCP | G4: 0 | H4: 51439 > 443 [ACK] Seq=1 Ack=1 Win=262656 Len=0
A5: 4 | B5: 0.0076188 | C5: 0.0002834 | D5: 192.168.1.222 | E5: 140.82.114.4 | F5: TLSv1.3 | G5: 1752 | H5: Client Hello (SNI=github.com)
A6: 5 | B6: 0.0162993 | C6: 0.0086805 | D6: 140.82.114.4 | E6: 192.168.1.222 | F6: TCP | G6: 0 | H6: 443 > 51439 [ACK] Seq=1 Ack=1753 Win=69632 Len=0
A7: 6 | B7: 0.0176122 | C7: 0.0013129 | D7: 140.82.114.4 | E7: 192.168.1.222 | F7: TLSv1.3 | G7: 1436 | H7: Server Hello, Change Cipher Spec, Application Data
A8: 7 | B8: 0.0176122 | C8: 0 | D8: 140.82.114.4 | E8: 192.168.1.222 | F8: TCP | G8: 1436 | H8: 443 > 51439 [PSH, ACK] Seq=1437 Ack=1753 Win=69632 Len=1436 [TCP PDU reassembled in 9]
A9: 8 | B9: 0.0176469 | C9: 3.47e-05 | D9: 192.168.1.222 | E9: 140.82.114.4 | F9: TCP | G9: 0 | H9: 51439 > 443 [ACK] Seq=1753 Ack=2873 Win=262656 Len=0
A10: 9 | B10: 0.0177031 | C10: 5.62e-05 | D10: 140.82.114.4 | E10: 192.168.1.222 | F10: TLSv1.3 | G10: 223 | H10: Application Data, Application Data, Application Data
A11: 10 | B11: 0.0252583 | C11: 0.0075552 | D11: 192.168.1.222 | E11: 140.82.114.4 | F11: TLSv1.3 | G11: 64 | H11: Change Cipher Spec, Application Data
A12: 11 | B12: 0.0254763 | C12: 0.000218 | D12: 192.168.1.222 | E12: 140.82.114.4 | F12: TLSv1.3 | G12: 92 | H12: Application Data
A13: 12 | B13: 0.0255323 | C13: 5.6e-05 | D13: 192.168.1.222 | E13: 140.82.114.4 | F13: TLSv1.3 | G13: 799 | H13: Application Data
A14: 13 | B14: 0.0331475 | C14: 0.0076152 | D14: 140.82.114.4 | E14: 192.168.1.222 | F14: TLSv1.3 | G14: 79 | H14: Application Data
... A2513: 2512 | B2513: 60.95764 | C2513: 4.03e-05 | D2513: 192.168.1.222 | E2513: 140.82.114.4 | F2513: TCP | G2513: 0 | H2513: 51439 > 443 [ACK] Seq=108066 Ack=2008893 Win=262656 Len=0

Sheet gh9
A1: No. | B1: Time | C1: Delta | D1: Source | E1: Destination | F1: Protocol | G1: TCP Segment Len | H1: Info
A2: 1 | B2: 0 | D2: 192.168.1.222 | E2: 140.82.113.3 | F2: TCP | G2: 0 | H2: 51478 > 443 [SYN] Seq=0 Win=64240 Len=0 MSS=1460 WS=256 SACK_PERM
A3: 2 | B3: 0.0090476 | C3: 0.0090476 | D3: 140.82.113.3 | E3: 192.168.1.222 | F3: TCP | G3: 0 | H3: 443 > 51478 [SYN, ACK] Seq=0 Ack=1 Win=65535 Len=0 MSS=1436 SACK_PERM WS=1024
A4: 3 | B4: 0.0091041 | C4: 5.65e-05 | D4: 192.168.1.222 | E4: 140.82.113.3 | F4: TCP | G4: 0 | H4: 51478 > 443 [ACK] Seq=1 Ack=1 Win=262656 Len=0
A5: 4 | B5: 0.0094498 | C5: 0.0003457 | D5: 192.168.1.222 | E5: 140.82.113.3 | F5: TLSv1.3 | G5: 1895 | H5: Client Hello (SNI=github.com)
A6: 5 | B6: 0.0175192 | C6: 0.0080694 | D6: 140.82.113.3 | E6: 192.168.1.222 | F6: TCP | G6: 0 | H6: 443 > 51478 [ACK] Seq=1 Ack=1896 Win=69632 Len=0
A7: 6 | B7: 0.0200713 | C7: 0.0025521 | D7: 140.82.113.3 | E7: 192.168.1.222 | F7: TLSv1.3 | G7: 1436 | H7: Server Hello, Change Cipher Spec, Application Data
A8: 7 | B8: 0.0200713 | C8: 0 | D8: 140.82.113.3 | E8: 192.168.1.222 | F8: TCP | G8: 1436 | H8: 443 > 51478 [PSH, ACK] Seq=1437 Ack=1896 Win=69632 Len=1436 [TCP PDU reassembled in 8]
A9: 8 | B9: 0.0200713 | C9: 0 | D9: 140.82.113.3 | E9: 192.168.1.222 | F9: TLSv1.3 | G9: 222 | H9: Application Data, Application Data, Application Data
A10: 9 | B10: 0.0201246 | C10: 5.33e-05 | D10: 192.168.1.222 | E10: 140.82.113.3 | F10: TCP | G10: 0 | H10: 51478 > 443 [ACK] Seq=1896 Ack=3095 Win=262656 Len=0
A11: 10 | B11: 0.0204884 | C11: 0.0003638 | D11: 192.168.1.222 | E11: 140.82.113.3 | F11: TLSv1.3 | G11: 64 | H11: Change Cipher Spec, Application Data
A12: 11 | B12: 0.0206435 | C12: 0.0001551 | D12: 192.168.1.222 | E12: 140.82.113.3 | F12: TLSv1.3 | G12: 92 | H12: Application Data
A13: 12 | B13: 0.020691 | C13: 4.75e-05 | D13: 192.168.1.222 | E13: 140.82.113.3 | F13: TLSv1.3 | G13: 1425 | H13: Application Data
A14: 13 | B14: 0.0287945 | C14: 0.0081035 | D14: 140.82.113.3 | E14: 192.168.1.222 | F14: TLSv1.3 | G14: 79 | H14: Application Data
... A2286: 2285 | B2286: 62.358388 | C2286: 3.77e-05 | D2286: 192.168.1.222 | E2286: 140.82.113.3 | F2286: TCP | G2286: 0 | H2286: 51478 > 443 [ACK] Seq=95363 Ack=1803247 Win=262656 Len=0

Sheet gh10
A1: No. | B1: Time | C1: Delta | D1: Source | E1: Destination | F1: Protocol | G1: TCP Segment Len | H1: Info
A2: 1 | B2: 0 | D2: 192.168.1.222 | E2: 140.82.112.3 | F2: TCP | G2: 0 | H2: 51531 > 443 [SYN] Seq=0 Win=64240 Len=0 MSS=1460 WS=256 SACK_PERM
A3: 2 | B3: 0.0069988 | C3: 0.0069988 | D3: 140.82.112.3 | E3: 192.168.1.222 | F3: TCP | G3: 0 | H3: 443 > 51531 [SYN, ACK] Seq=0 Ack=1 Win=65535 Len=0 MSS=1436 SACK_PERM WS=1024
A4: 3 | B4: 0.0070337 | C4: 3.49e-05 | D4: 192.168.1.222 | E4: 140.82.112.3 | F4: TCP | G4: 0 | H4: 51531 > 443 [ACK] Seq=1 Ack=1 Win=262656 Len=0
A5: 4 | B5: 0.007342 | C5: 0.0003083 | D5: 192.168.1.222 | E5: 140.82.112.3 | F5: TLSv1.3 | G5: 1799 | H5: Client Hello (SNI=github.com)
A6: 5 | B6: 0.017563 | C6: 0.010221 | D6: 140.82.112.3 | E6: 192.168.1.222 | F6: TCP | G6: 0 | H6: 443 > 51531 [ACK] Seq=1 Ack=1800 Win=69632 Len=0
A7: 6 | B7: 0.017563 | C7: 0 | D7: 140.82.112.3 | E7: 192.168.1.222 | F7: TLSv1.3 | G7: 1436 | H7: Server Hello, Change Cipher Spec, Application Data
A8: 7 | B8: 0.017563 | C8: 0 | D8: 140.82.112.3 | E8: 192.168.1.222 | F8: TCP | G8: 1436 | H8: 443 > 51531 [PSH, ACK] Seq=1437 Ack=1800 Win=69632 Len=1436 [TCP PDU reassembled in 8]
A9: 8 | B9: 0.017563 | C9: 0 | D9: 140.82.112.3 | E9: 192.168.1.222 | F9: TLSv1.3 | G9: 222 | H9: Application Data, Application Data, Application Data
A10: 9 | B10: 0.0176108 | C10: 4.78e-05 | D10: 192.168.1.222 | E10: 140.82.112.3 | F10: TCP | G10: 0 | H10: 51531 > 443 [ACK] Seq=1800 Ack=3095 Win=262656 Len=0
A11: 10 | B11: 0.0180987 | C11: 0.0004879 | D11: 192.168.1.222 | E11: 140.82.112.3 | F11: TLSv1.3 | G11: 64 | H11: Change Cipher Spec, Application Data
A12: 11 | B12: 0.0183185 | C12: 0.0002198 | D12: 192.168.1.222 | E12: 140.82.112.3 | F12: TLSv1.3 | G12: 92 | H12: Application Data
A13: 12 | B13: 0.0183761 | C13: 5.76e-05 | D13: 192.168.1.222 | E13: 140.82.112.3 | F13: TLSv1.3 | G13: 1429 | H13: Application Data
A14: 13 | B14: 0.0257747 | C14: 0.0073986 | D14: 140.82.112.3 | E14: 192.168.1.222 | F14: TLSv1.3 | G14: 79 | H14: Application Data
... A1715: 1714 | B1715: 63.02633 | C1715: 4.73e-05 | D1715: 192.168.1.222 | E1715: 140.82.112.3 | F1715: TCP | G1715: 0 | H1715: 51531 > 443 [ACK] Seq=64329 Ack=1378938 Win=262656 Len=0
