Workbook

Sheet Sheet1
A1: Packet count | B1: Total packet length | C1: Average packet length | D1: Mininum packet length | E1: Maximum packet length | F1: Most common packet length | G1: Avg. packet interval | H1: Min. packet interval | I1: Max. packet interval | J1: Label
A2: 855 | B2: 252372 | C2: 295.17193 | D2: 0 | E2: 64.012745 | F2: 18.758777 | G2: 0.074956376 | H2: -1e-07 | I2: 11.999899 | J2: Letterboxd
A3: 4565 | B3: 3075097 | C3: 673.62475 | D3: 0 | E3: 72.615618 | F3: 1.777511 | G3: 0.015910521 | H3: -0.00045 | I3: 5.107001 | J3: Letterboxd
A4: {=LOOKUP(2,1/(NOT(ISBLANK('lbd3'!A:A))),'lbd3'!A:A)} -> 1594 | B4: =SUM('lbd3'!B2:B1595) -> 40727.298 | C4: =AVERAGE('lbd3'!B2:B1595) -> 25.550375 | D4: =MIN('lbd3'!B2:B1595) -> 0 | E4: =MAX('lbd3'!B2:B1595) -> 63.869292 | F4: 1.5528992 | G4: =AVERAGE('lbd3'!C2:C1595) -> 0.040093718 | H4: =MIN('lbd3'!C2:C1595) -> 0 | I4: =MAX('lbd3'!C2:C1595) -> 12.535193 | J4: Letterboxd
A5: {=LOOKUP(2,1/(NOT(ISBLANK('lbd4'!A:A))),'lbd4'!A:A)} -> 972 | B5: =SUM('lbd4'!B2:B973) -> 20286.594 | C5: =AVERAGE('lbd4'!B2:B973) -> 20.870982 | D5: =MIN('lbd4'!B2:B973) -> 0 | E5: =MAX('lbd4'!B2:B973) -> 46.730493 | F5: 5.2375681 | G5: =AVERAGE('lbd4'!C2:C973) -> 0.048126151 | H5: =MIN('lbd4'!C2:C973) -> 0 | I5: =MAX('lbd4'!C2:C973) -> 10.690297 | J5: Letterboxd
A6: {=LOOKUP(2,1/(NOT(ISBLANK('lbd5'!A:A))),'lbd5'!A:A)} -> 984 | B6: =SUM('lbd5'!B2:B985) -> 25948.872 | C6: =AVERAGE('lbd5'!B2:B985) -> 26.370805 | D6: =MIN('lbd5'!B2:B985) -> 0 | E6: =MAX('lbd5'!B2:B985) -> 61.754311 | F6: 17.467037 | G6: =AVERAGE('lbd5'!C2:C985) -> 0.06282229 | H6: =MIN('lbd5'!C2:C985) -> 0 | I6: =MAX('lbd5'!C2:C985) -> 19.44771 | J6: Letterboxd
A7: {=LOOKUP(2,1/(NOT(ISBLANK('lbd6'!A:A))),'lbd6'!A:A)} -> 1123 | B7: =SUM('lbd6'!B2:B1124) -> 24250.742 | C7: =AVERAGE('lbd6'!B2:B1124) -> 21.594606 | D7: =MIN('lbd6'!B2:B1124) -> 0 | E7: =MAX('lbd6'!B2:B1124) -> 57.869928 | F7: 21.582369 | G7: =AVERAGE('lbd6'!C2:C1124) -> 0.051577476 | H7: =MIN('lbd6'!C2:C1124) -> 0 | I7: =MAX('lbd6'!C2:C1124) -> 18.790455 | J7: Letterboxd
A8: {=LOOKUP(2,1/(NOT(ISBLANK('lbd7'!A:A))),'lbd7'!A:A)} -> 1204 | B8: =SUM('lbd7'!B2:B1205) -> 34495.086 | C8: =AVERAGE('lbd7'!B2:B1205) -> 28.650404 | D8: =MIN('lbd7'!B2:B1205) -> 0 | E8: =MAX('lbd7'!B2:B1205) -> 57.584384 | F8: 31.46558 | G8: =AVERAGE('lbd7'!C2:C1205) -> 0.047867318 | H8: =MIN('lbd7'!C2:C1205) -> 0 | I8: =MAX('lbd7'!C2:C1205) -> 14.752895 | J8: Letterboxd
A9: {=LOOKUP(2,1/(NOT(ISBLANK('lbd8'!A:A))),'lbd8'!A:A)} -> 1700 | B9: =SUM('lbd8'!B2:B1701) -> 45649.505 | C9: =AVERAGE('lbd8'!B2:B1701) -> 26.85265 | D9: =MIN('lbd8'!B2:B1701) -> 0 | E9: =MAX('lbd8'!B2:B1701) -> 57.31608 | F9: 15.10803 | G9: =AVERAGE('lbd8'!C2:C1701) -> 0.033735185 | H9: =MIN('lbd8'!C2:C1701) -> 0 | I9: =MAX('lbd8'!C2:C1701) -> 7.0225437 | J9: Letterboxd
A10: {=LOOKUP(2,1/(NOT(ISBLANK('lbd9'!A:A))),'lbd9'!A:A)} -> 1457 | B10: =SUM('lbd9'!B2:B1458) -> 47860.137 | C10: =AVERAGE('lbd9'!B2:B1458) -> 32.848412 | D10: =MIN('lbd9'!B2:B1458) -> 0 | E10: =MAX('lbd9'!B2:B1458) -> 55.831692 | F10: 13.77165 | G10: =AVERAGE('lbd9'!C2:C1458) -> 0.038345942 | H10: =MIN('lbd9'!C2:C1458) -> 0 | I10: =MAX('lbd9'!C2:C1458) -> 6.7699652 | J10: Letterboxd
A11: {=LOOKUP(2,1/(NOT(ISBLANK('lbd10'!A:A))),'lbd10'!A:A)} -> 1283 | B11: =SUM('lbd10'!B2:B1284) -> 38872.6 | C11: =AVERAGE('lbd10'!B2:B1284) -> 30.298207 | D11: =MIN('lbd10'!B2:B1284) -> 0 | E11: =MAX('lbd10'!B2:B1284) -> 68.1949 | F11: {=_xlfn.MODE.MULT('lbd10'!B2:B1284)} -> 0.0820655 | G11: =AVERAGE('lbd10'!C2:C1284) -> 0.05319415 | H11: =MIN('lbd10'!C2:C1284) -> -1.8e-05 | I11: =MAX('lbd10'!C2:C1284) -> 17.192653 | J11: Letterboxd
F12: 0.0831905
F13: 4.2676533
F14: 4.2677559
F15: 4.4753533
F16: 4.4832812
F17: 4.4839244
F18: 13.027831
F19: 13.30151
F20: 13.305208
F21: 13.320147
F22: 14.432068
F23: 22.546592
... F28: 68.071546

Sheet lbd
A1: No. | B1: Time | C1: Delta | D1: Source | E1: Destination | F1: Protocol | G1: TCP Segment Len | H1: Info
A2: 1 | B2: 0 | D2: 192.168.1.222 | E2: 172.66.168.234 | F2: TCP | G2: 0 | H2: 50999 > 443 [SYN] Seq=0 Win=64240 Len=0 MSS=1460 WS=256 SACK_PERM
A3: 2 | B3: 0.0004709 | C3: 0.0004709 | D3: 192.168.1.222 | E3: 172.66.168.234 | F3: TCP | G3: 0 | H3: 51000 > 443 [SYN] Seq=0 Win=64240 Len=0 MSS=1460 WS=256 SACK_PERM
A4: 3 | B4: 0.0128766 | C4: 0.0124057 | D4: 172.66.168.234 | E4: 192.168.1.222 | F4: TCP | G4: 0 | H4: 443 > 50999 [SYN, ACK] Seq=0 Ack=1 Win=65535 Len=0 MSS=1400 SACK_PERM WS=8192
A5: 4 | B5: 0.0129173 | C5: 4.07e-05 | D5: 192.168.1.222 | E5: 172.66.168.234 | F5: TCP | G5: 0 | H5: 50999 > 443 [ACK] Seq=1 Ack=1 Win=263168 Len=0
A6: 5 | B6: 0.0132647 | C6: 0.0003474 | D6: 192.168.1.222 | E6: 172.66.168.234 | F6: TLSv1.3 | G6: 1756 | H6: Client Hello (SNI=letterboxd.com)
A7: 6 | B7: 0.0157072 | C7: 0.0024425 | D7: 172.66.168.234 | E7: 192.168.1.222 | F7: TCP | G7: 0 | H7: 443 > 51000 [SYN, ACK] Seq=0 Ack=1 Win=65535 Len=0 MSS=1400 SACK_PERM WS=8192
A8: 7 | B8: 0.0157778 | C8: 7.06e-05 | D8: 192.168.1.222 | E8: 172.66.168.234 | F8: TCP | G8: 0 | H8: 51000 > 443 [ACK] Seq=1 Ack=1 Win=263168 Len=0
A9: 8 | B9: 0.0162112 | C9: 0.0004334 | D9: 192.168.1.222 | E9: 172.66.168.234 | F9: TLSv1.3 | G9: 1724 | H9: Client Hello (SNI=letterboxd.com)
A10: 9 | B10: 0.0287527 | C10: 0.0125415 | D10: 172.66.168.234 | E10: 192.168.1.222 | F10: TCP | G10: 0 | H10: 443 > 50999 [ACK] Seq=1 Ack=1401 Win=131072 Len=0
A11: 10 | B11: 0.0287527 | C11: 0 | D11: 172.66.168.234 | E11: 192.168.1.222 | F11: TCP | G11: 0 | H11: 443 > 50999 [ACK] Seq=1 Ack=1757 Win=131072 Len=0
A12: 11 | B12: 0.0310803 | C12: 0.0023276 | D12: 172.66.168.234 | E12: 192.168.1.222 | F12: TCP | G12: 0 | H12: 443 > 51000 [ACK] Seq=1 Ack=1725 Win=131072 Len=0
A13: 12 | B13: 0.0312445 | C13: 0.0001642 | D13: 172.66.168.234 | E13: 192.168.1.222 | F13: TLSv1.3 | G13: 1460 | H13: Server Hello, Change Cipher Spec
A14: 13 | B14: 0.0312445 | C14: 0 | D14: 172.66.168.234 | E14: 192.168.1.222 | F14: TCP | G14: 1460 | H14: 443 > 50999 [ACK] Seq=1461 Ack=1757 Win=131072 Len=1460 [TCP PDU reassembled in 14]
... A856: 855 | B856: 64.012745 | C856: 0.0544243 | D856: 172.66.168.234 | E856: 192.168.1.222 | F856: TCP | G856: 0 | H856: 443 > 50999 [ACK] Seq=204925 Ack=31718 Win=114688 Len=0

Sheet lbd2
A1: No. | B1: Time | C1: Delta | D1: Source | E1: Destination | F1: Protocol | G1: Length | H1: Info
A2: 1 | B2: 0 | D2: 104.20.16.73 | E2: 100.86.94.167 | F2: TCP | G2: 66 | H2: 443 > 18562 [SYN, ACK] Seq=0 Ack=1 Win=65535 Len=0 MSS=1400 SACK_PERM WS=8192
A3: 2 | B3: 0 | C3: 0 | D3: 104.20.16.73 | E3: 100.86.94.167 | F3: TCP | G3: 56 | H3: 443 > 18557 [ACK] Seq=1 Ack=1898 Win=139264 Len=0
A4: 3 | B4: 0 | C4: 0 | D4: 104.20.16.73 | E4: 100.86.94.167 | F4: TCP | G4: 66 | H4: 443 > 18563 [SYN, ACK] Seq=0 Ack=1 Win=65535 Len=0 MSS=1400 SACK_PERM WS=8192
A5: 4 | B5: 0.000466 | C5: 0.000466 | D5: 100.86.94.167 | E5: 104.20.16.73 | F5: TCP | G5: 54 | H5: 18562 > 443 [ACK] Seq=1 Ack=1 Win=65280 Len=0
A6: 5 | B6: 0.000631 | C6: 0.000165 | D6: 100.86.94.167 | E6: 104.20.16.73 | F6: TCP | G6: 54 | H6: 18563 > 443 [ACK] Seq=1 Ack=1 Win=65280 Len=0
A7: 6 | B7: 0.000773 | C7: 0.000142 | D7: 172.66.144.125 | E7: 100.86.94.167 | F7: TCP | G7: 66 | H7: 443 > 18561 [SYN, ACK] Seq=0 Ack=1 Win=65535 Len=0 MSS=1400 SACK_PERM WS=8192
A8: 7 | B8: 0.000773 | C8: 0 | D8: 172.66.144.125 | E8: 100.86.94.167 | F8: TCP | G8: 66 | H8: 443 > 18560 [SYN, ACK] Seq=0 Ack=1 Win=65535 Len=0 MSS=1400 SACK_PERM WS=8192
A9: 8 | B9: 0.001126 | C9: 0.000353 | D9: 100.86.94.167 | E9: 172.66.144.125 | F9: TCP | G9: 54 | H9: 18561 > 443 [ACK] Seq=1 Ack=1 Win=65280 Len=0
A10: 9 | B10: 0.00123 | C10: 0.000104 | D10: 100.86.94.167 | E10: 172.66.144.125 | F10: TCP | G10: 54 | H10: 18560 > 443 [ACK] Seq=1 Ack=1 Win=65280 Len=0
A11: 10 | B11: 0.001502 | C11: 0.000272 | D11: 100.86.94.167 | E11: 104.20.16.73 | F11: TLSv1.3 | G11: 1951 | H11: Client Hello (SNI=s.ltrbxd.com)
A12: 11 | B12: 0.002552 | C12: 0.00105 | D12: 100.86.94.167 | E12: 104.20.16.73 | F12: TLSv1.3 | G12: 1951 | H12: Client Hello (SNI=s.ltrbxd.com)
A13: 12 | B13: 0.003467 | C13: 0.000915 | D13: 100.86.94.167 | E13: 172.66.144.125 | F13: TLSv1.3 | G13: 1951 | H13: Client Hello (SNI=s.ltrbxd.com)
A14: 13 | B14: 0.004491 | C14: 0.001024 | D14: 100.86.94.167 | E14: 172.66.144.125 | F14: TLSv1.3 | G14: 1951 | H14: Client Hello (SNI=s.ltrbxd.com)
... A4566: 4565 | B4566: 72.615618 | C4566: 0.383206 | D4566: 100.86.94.167 | E4566: 239.255.255.250 | F4566: UDP | G4566: 698 | H4566: 52889 > 3702 Len=656

Sheet lbd3
A1: No. | B1: Time | C1: Delta | D1: Source | E1: Destination | F1: Protocol | G1: TCP Segment Len | H1: Info
A2: 1 | B2: 0 | D2: 192.168.1.222 | E2: 172.66.168.234 | F2: TCP | G2: 0 | H2: 51291 > 443 [SYN] Seq=0 Win=64240 Len=0 MSS=1460 WS=256 SACK_PERM
A3: 2 | B3: 0.0004336 | C3: 0.0004336 | D3: 192.168.1.222 | E3: 172.66.168.234 | F3: TCP | G3: 0 | H3: 51292 > 443 [SYN] Seq=0 Win=64240 Len=0 MSS=1460 WS=256 SACK_PERM
A4: 3 | B4: 0.0141831 | C4: 0.0137495 | D4: 172.66.168.234 | E4: 192.168.1.222 | F4: TCP | G4: 0 | H4: 443 > 51291 [SYN, ACK] Seq=0 Ack=1 Win=65535 Len=0 MSS=1400 SACK_PERM WS=8192
A5: 4 | B5: 0.0142107 | C5: 2.76e-05 | D5: 172.66.168.234 | E5: 192.168.1.222 | F5: TCP | G5: 0 | H5: 443 > 51292 [SYN, ACK] Seq=0 Ack=1 Win=65535 Len=0 MSS=1400 SACK_PERM WS=8192
A6: 5 | B6: 0.0142415 | C6: 3.08e-05 | D6: 192.168.1.222 | E6: 172.66.168.234 | F6: TCP | G6: 0 | H6: 51291 > 443 [ACK] Seq=1 Ack=1 Win=263168 Len=0
A7: 6 | B7: 0.014266 | C7: 2.45e-05 | D7: 192.168.1.222 | E7: 172.66.168.234 | F7: TCP | G7: 0 | H7: 51292 > 443 [ACK] Seq=1 Ack=1 Win=263168 Len=0
A8: 7 | B8: 0.0147785 | C8: 0.0005125 | D8: 192.168.1.222 | E8: 172.66.168.234 | F8: TLSv1.3 | G8: 1724 | H8: Client Hello (SNI=letterboxd.com)
A9: 8 | B9: 0.0150504 | C9: 0.0002719 | D9: 192.168.1.222 | E9: 172.66.168.234 | F9: TLSv1.3 | G9: 1724 | H9: Client Hello (SNI=letterboxd.com)
A10: 9 | B10: 0.0305076 | C10: 0.0154572 | D10: 172.66.168.234 | E10: 192.168.1.222 | F10: TCP | G10: 0 | H10: 443 > 51292 [ACK] Seq=1 Ack=1725 Win=139264 Len=0
A11: 10 | B11: 0.0312554 | C11: 0.0007478 | D11: 172.66.168.234 | E11: 192.168.1.222 | F11: TCP | G11: 0 | H11: 443 > 51291 [ACK] Seq=1 Ack=1725 Win=139264 Len=0
A12: 11 | B12: 0.0342843 | C12: 0.0030289 | D12: 172.66.168.234 | E12: 192.168.1.222 | F12: TLSv1.3 | G12: 1460 | H12: Server Hello, Change Cipher Spec
A13: 12 | B13: 0.0342843 | C13: 0 | D13: 172.66.168.234 | E13: 192.168.1.222 | F13: TCP | G13: 1460 | H13: 443 > 51292 [ACK] Seq=1461 Ack=1725 Win=139264 Len=1460 [TCP PDU reassembled in 14]
A14: 13 | B14: 0.0343262 | C14: 4.19e-05 | D14: 192.168.1.222 | E14: 172.66.168.234 | F14: TCP | G14: 0 | H14: 51292 > 443 [ACK] Seq=1725 Ack=2921 Win=263168 Len=0
... A1595: 1594 | B1595: 63.869292 | C1595: 6.52e-05 | D1595: 192.168.1.222 | E1595: 172.66.168.234 | F1595: TCP | G1595: 0 | H1595: 51292 > 443 [ACK] Seq=42087 Ack=424679 Win=263168 Len=0

Sheet lbd4
A1: No. | B1: Time | C1: Delta | D1: Source | E1: Destination | F1: Protocol | G1: TCP Segment Len | H1: Info
A2: 1 | B2: 0 | D2: 192.168.1.222 | E2: 172.66.168.234 | F2: TLSv1.2 | G2: 56 | H2: Application Data
A3: 2 | B3: 2.62e-05 | C3: 2.62e-05 | D3: 192.168.1.222 | E3: 172.66.168.234 | F3: TLSv1.2 | G3: 39 | H3: Application Data
A4: 3 | B4: 0.0121701 | C4: 0.0121439 | D4: 172.66.168.234 | E4: 192.168.1.222 | F4: TCP | G4: 0 | H4: 443 > 51292 [ACK] Seq=1 Ack=96 Win=17 Len=0
A5: 4 | B5: 0.0121701 | C5: 0 | D5: 172.66.168.234 | E5: 192.168.1.222 | F5: TLSv1.2 | G5: 39 | H5: Application Data
A6: 5 | B6: 0.0663314 | C6: 0.0541613 | D6: 192.168.1.222 | E6: 172.66.168.234 | F6: TCP | G6: 0 | H6: 51292 > 443 [ACK] Seq=96 Ack=40 Win=1027 Len=0
A7: 6 | B7: 0.0798372 | C7: 0.0135058 | D7: 172.66.168.234 | E7: 192.168.1.222 | F7: TLSv1.2 | G7: 298 | H7: Application Data
A8: 7 | B8: 0.0800723 | C8: 0.0002351 | D8: 172.66.168.234 | E8: 192.168.1.222 | F8: TCP | G8: 1460 | H8: 443 > 51292 [ACK] Seq=338 Ack=96 Win=17 Len=1460 [TCP PDU reassembled in 20]
A9: 8 | B9: 0.0800723 | C9: 0 | D9: 172.66.168.234 | E9: 192.168.1.222 | F9: TCP | G9: 1460 | H9: 443 > 51292 [ACK] Seq=1798 Ack=96 Win=17 Len=1460 [TCP PDU reassembled in 20]
A10: 9 | B10: 0.0800723 | C10: 0 | D10: 172.66.168.234 | E10: 192.168.1.222 | F10: TCP | G10: 1460 | H10: 443 > 51292 [ACK] Seq=3258 Ack=96 Win=17 Len=1460 [TCP PDU reassembled in 20]
A11: 10 | B11: 0.0800723 | C11: 0 | D11: 172.66.168.234 | E11: 192.168.1.222 | F11: TCP | G11: 1460 | H11: 443 > 51292 [ACK] Seq=4718 Ack=96 Win=17 Len=1460 [TCP PDU reassembled in 20]
A12: 11 | B12: 0.0800723 | C12: 0 | D12: 172.66.168.234 | E12: 192.168.1.222 | F12: TCP | G12: 1460 | H12: 443 > 51292 [ACK] Seq=6178 Ack=96 Win=17 Len=1460 [TCP PDU reassembled in 20]
A13: 12 | B13: 0.0800723 | C13: 0 | D13: 172.66.168.234 | E13: 192.168.1.222 | F13: TCP | G13: 1460 | H13: 443 > 51292 [ACK] Seq=7638 Ack=96 Win=17 Len=1460 [TCP PDU reassembled in 20]
A14: 13 | B14: 0.0800723 | C14: 0 | D14: 172.66.168.234 | E14: 192.168.1.222 | F14: TCP | G14: 1460 | H14: 443 > 51292 [ACK] Seq=9098 Ack=96 Win=17 Len=1460 [TCP PDU reassembled in 20]
... A973: 972 | B973: 46.730493 | C973: 8.09e-05 | D973: 192.168.1.222 | E973: 172.66.168.234 | F973: TCP | G973: 0 | H973: 51292 > 443 [ACK] Seq=11147 Ack=352819 Win=1028 Len=0

Sheet lbd5
A1: No. | B1: Time | C1: Delta | D1: Source | E1: Destination | F1: Protocol | G1: TCP Segment Len | H1: Info
A2: 1 | B2: 0 | D2: 192.168.1.222 | E2: 172.66.168.234 | F2: TLSv1.2 | G2: 80 | H2: Application Data
A3: 2 | B3: 2.7e-05 | C3: 2.7e-05 | D3: 192.168.1.222 | E3: 172.66.168.234 | F3: TLSv1.2 | G3: 39 | H3: Application Data
A4: 3 | B4: 0.0121273 | C4: 0.0121003 | D4: 172.66.168.234 | E4: 192.168.1.222 | F4: TCP | G4: 0 | H4: 443 > 51292 [ACK] Seq=1 Ack=120 Win=17 Len=0
A5: 4 | B5: 0.0121604 | C5: 3.31e-05 | D5: 172.66.168.234 | E5: 192.168.1.222 | F5: TLSv1.2 | G5: 39 | H5: Application Data
A6: 5 | B6: 0.0643722 | C6: 0.0522118 | D6: 192.168.1.222 | E6: 172.66.168.234 | F6: TCP | G6: 0 | H6: 51292 > 443 [ACK] Seq=120 Ack=40 Win=1027 Len=0
A7: 6 | B7: 0.0793624 | C7: 0.0149902 | D7: 172.66.168.234 | E7: 192.168.1.222 | F7: TLSv1.2 | G7: 107 | H7: Application Data
A8: 7 | B8: 0.0793624 | C8: 0 | D8: 172.66.168.234 | E8: 192.168.1.222 | F8: TCP | G8: 1460 | H8: 443 > 51292 [ACK] Seq=147 Ack=120 Win=17 Len=1460 [TCP PDU reassembled in 16]
A9: 8 | B9: 0.0793624 | C9: 0 | D9: 172.66.168.234 | E9: 192.168.1.222 | F9: TCP | G9: 1460 | H9: 443 > 51292 [ACK] Seq=1607 Ack=120 Win=17 Len=1460 [TCP PDU reassembled in 16]
A10: 9 | B10: 0.0793624 | C10: 0 | D10: 172.66.168.234 | E10: 192.168.1.222 | F10: TCP | G10: 1460 | H10: 443 > 51292 [ACK] Seq=3067 Ack=120 Win=17 Len=1460 [TCP PDU reassembled in 16]
A11: 10 | B11: 0.0793624 | C11: 0 | D11: 172.66.168.234 | E11: 192.168.1.222 | F11: TCP | G11: 1460 | H11: 443 > 51292 [ACK] Seq=4527 Ack=120 Win=17 Len=1460 [TCP PDU reassembled in 16]
A12: 11 | B12: 0.0793624 | C12: 0 | D12: 172.66.168.234 | E12: 192.168.1.222 | F12: TCP | G12: 1460 | H12: 443 > 51292 [ACK] Seq=5987 Ack=120 Win=17 Len=1460 [TCP PDU reassembled in 16]
A13: 12 | B13: 0.0793624 | C13: 0 | D13: 172.66.168.234 | E13: 192.168.1.222 | F13: TCP | G13: 1460 | H13: 443 > 51292 [ACK] Seq=7447 Ack=120 Win=17 Len=1460 [TCP PDU reassembled in 16]
A14: 13 | B14: 0.0793624 | C14: 0 | D14: 172.66.168.234 | E14: 192.168.1.222 | F14: TCP | G14: 1460 | H14: 443 > 51292 [ACK] Seq=8907 Ack=120 Win=17 Len=1460 [TCP PDU reassembled in 16]
... A985: 984 | B985: 61.754311 | C985: 4.19e-05 | D985: 192.168.1.222 | E985: 172.66.168.234 | F985: TCP | G985: 0 | H985: 51292 > 443 [ACK] Seq=13570 Ack=286921 Win=1022 Len=0

Sheet lbd6
A1: No. | B1: Time | C1: Delta | D1: Source | E1: Destination | F1: Protocol | G1: TCP Segment Len | H1: Info
A2: 1 | B2: 0 | D2: 192.168.1.222 | E2: 172.66.168.234 | F2: TLSv1.2 | G2: 62 | H2: Application Data
A3: 2 | B3: 3.35e-05 | C3: 3.35e-05 | D3: 192.168.1.222 | E3: 172.66.168.234 | F3: TLSv1.2 | G3: 39 | H3: Application Data
A4: 3 | B4: 0.0200901 | C4: 0.0200566 | D4: 172.66.168.234 | E4: 192.168.1.222 | F4: TCP | G4: 0 | H4: 443 > 51292 [ACK] Seq=1 Ack=102 Win=17 Len=0
A5: 4 | B5: 0.0200901 | C5: 0 | D5: 172.66.168.234 | E5: 192.168.1.222 | F5: TLSv1.2 | G5: 39 | H5: Application Data
A6: 5 | B6: 0.0660301 | C6: 0.04594 | D6: 192.168.1.222 | E6: 172.66.168.234 | F6: TCP | G6: 0 | H6: 51292 > 443 [ACK] Seq=102 Ack=40 Win=1028 Len=0
A7: 6 | B7: 0.0800716 | C7: 0.0140415 | D7: 172.66.168.234 | E7: 192.168.1.222 | F7: TLSv1.2 | G7: 128 | H7: Application Data
A8: 7 | B8: 0.0800716 | C8: 0 | D8: 172.66.168.234 | E8: 192.168.1.222 | F8: TCP | G8: 1460 | H8: 443 > 51292 [ACK] Seq=168 Ack=102 Win=17 Len=1460 [TCP PDU reassembled in 20]
A9: 8 | B9: 0.0801263 | C9: 5.47e-05 | D9: 192.168.1.222 | E9: 172.66.168.234 | F9: TCP | G9: 0 | H9: 51292 > 443 [ACK] Seq=102 Ack=1628 Win=1028 Len=0
A10: 9 | B10: 0.0810357 | C10: 0.0009094 | D10: 172.66.168.234 | E10: 192.168.1.222 | F10: TCP | G10: 1460 | H10: 443 > 51292 [ACK] Seq=1628 Ack=102 Win=17 Len=1460 [TCP PDU reassembled in 20]
A11: 10 | B11: 0.0810357 | C11: 0 | D11: 172.66.168.234 | E11: 192.168.1.222 | F11: TCP | G11: 1460 | H11: 443 > 51292 [ACK] Seq=3088 Ack=102 Win=17 Len=1460 [TCP PDU reassembled in 20]
A12: 11 | B12: 0.0810357 | C12: 0 | D12: 172.66.168.234 | E12: 192.168.1.222 | F12: TCP | G12: 1460 | H12: 443 > 51292 [ACK] Seq=4548 Ack=102 Win=17 Len=1460 [TCP PDU reassembled in 20]
A13: 12 | B13: 0.0810357 | C13: 0 | D13: 172.66.168.234 | E13: 192.168.1.222 | F13: TCP | G13: 1460 | H13: 443 > 51292 [ACK] Seq=6008 Ack=102 Win=17 Len=1460 [TCP PDU reassembled in 20]
A14: 13 | B14: 0.0810357 | C14: 0 | D14: 172.66.168.234 | E14: 192.168.1.222 | F14: TCP | G14: 1460 | H14: 443 > 51292 [ACK] Seq=7468 Ack=102 Win=17 Len=1460 [TCP PDU reassembled in 20]
... A1124: 1123 | B1124: 57.869928 | C1124: 0.0532153 | D1124: 172.66.168.234 | E1124: 192.168.1.222 | F1124: TCP | G1124: 0 | H1124: 443 > 51292 [ACK] Seq=361999 Ack=14601 Win=17 Len=0

Sheet lbd7
A1: No. | B1: Time | C1: Delta | D1: Source | E1: Destination | F1: Protocol | G1: TCP Segment Len | H1: Info
A2: 1 | B2: 0 | D2: 192.168.1.222 | E2: 172.66.168.234 | F2: TLSv1.2 | G2: 57 | H2: Application Data
A3: 2 | B3: 1.95e-05 | C3: 1.95e-05 | D3: 192.168.1.222 | E3: 172.66.168.234 | F3: TLSv1.2 | G3: 39 | H3: Application Data
A4: 3 | B4: 0.0250488 | C4: 0.0250293 | D4: 172.66.168.234 | E4: 192.168.1.222 | F4: TCP | G4: 0 | H4: 443 > 51292 [ACK] Seq=1 Ack=58 Win=17 Len=0
A5: 4 | B5: 0.0250488 | C5: 0 | D5: 172.66.168.234 | E5: 192.168.1.222 | F5: TCP | G5: 0 | H5: 443 > 51292 [ACK] Seq=1 Ack=97 Win=17 Len=0
A6: 5 | B6: 0.0250488 | C6: 0 | D6: 172.66.168.234 | E6: 192.168.1.222 | F6: TLSv1.2 | G6: 39 | H6: Application Data
A7: 6 | B7: 0.0724016 | C7: 0.0473528 | D7: 192.168.1.222 | E7: 172.66.168.234 | F7: TCP | G7: 0 | H7: 51292 > 443 [ACK] Seq=97 Ack=40 Win=1026 Len=0
A8: 7 | B8: 0.0881795 | C8: 0.0157779 | D8: 172.66.168.234 | E8: 192.168.1.222 | F8: TLSv1.2 | G8: 99 | H8: Application Data
A9: 8 | B9: 0.0881795 | C9: 0 | D9: 172.66.168.234 | E9: 192.168.1.222 | F9: TCP | G9: 1460 | H9: 443 > 51292 [ACK] Seq=139 Ack=97 Win=17 Len=1460 [TCP PDU reassembled in 20]
A10: 9 | B10: 0.0881795 | C10: 0 | D10: 172.66.168.234 | E10: 192.168.1.222 | F10: TCP | G10: 1460 | H10: 443 > 51292 [ACK] Seq=1599 Ack=97 Win=17 Len=1460 [TCP PDU reassembled in 20]
A11: 10 | B11: 0.0881795 | C11: 0 | D11: 172.66.168.234 | E11: 192.168.1.222 | F11: TCP | G11: 1460 | H11: 443 > 51292 [ACK] Seq=3059 Ack=97 Win=17 Len=1460 [TCP PDU reassembled in 20]
A12: 11 | B12: 0.0881795 | C12: 0 | D12: 172.66.168.234 | E12: 192.168.1.222 | F12: TCP | G12: 1460 | H12: 443 > 51292 [ACK] Seq=4519 Ack=97 Win=17 Len=1460 [TCP PDU reassembled in 20]
A13: 12 | B13: 0.0881795 | C13: 0 | D13: 172.66.168.234 | E13: 192.168.1.222 | F13: TCP | G13: 1460 | H13: 443 > 51292 [ACK] Seq=5979 Ack=97 Win=17 Len=1460 [TCP PDU reassembled in 20]
A14: 13 | B14: 0.0881795 | C14: 0 | D14: 172.66.168.234 | E14: 192.168.1.222 | F14: TCP | G14: 1460 | H14: 443 > 51292 [ACK] Seq=7439 Ack=97 Win=17 Len=1460 [TCP PDU reassembled in 20]
... A1205: 1204 | B1205: 57.584384 | C1205: 7.26e-05 | D1205: 192.168.1.222 | E1205: 172.66.168.234 | F1205: TCP | G1205: 0 | H1205: 51292 > 443 [ACK] Seq=16685 Ack=342339 Win=1028 Len=0

Sheet lbd8
A1: No. | B1: Time | C1: Delta | D1: Source | E1: Destination | F1: Protocol | G1: TCP Segment Len | H1: Info
A2: 1 | B2: 0 | D2: 192.168.1.222 | E2: 172.66.168.234 | F2: TLSv1.2 | G2: 57 | H2: Application Data
A3: 2 | B3: 6.06e-05 | C3: 6.06e-05 | D3: 192.168.1.222 | E3: 172.66.168.234 | F3: TLSv1.2 | G3: 39 | H3: Application Data
A4: 3 | B4: 0.0190264 | C4: 0.0189658 | D4: 172.66.168.234 | E4: 192.168.1.222 | F4: TCP | G4: 0 | H4: 443 > 51292 [ACK] Seq=1 Ack=97 Win=17 Len=0
A5: 4 | B5: 0.0190264 | C5: 0 | D5: 172.66.168.234 | E5: 192.168.1.222 | F5: TLSv1.2 | G5: 39 | H5: Application Data
A6: 5 | B6: 0.0659676 | C6: 0.0469412 | D6: 192.168.1.222 | E6: 172.66.168.234 | F6: TCP | G6: 0 | H6: 51292 > 443 [ACK] Seq=97 Ack=40 Win=1027 Len=0
A7: 6 | B7: 0.0872182 | C7: 0.0212506 | D7: 172.66.168.234 | E7: 192.168.1.222 | F7: TLSv1.2 | G7: 100 | H7: Application Data
A8: 7 | B8: 0.0872182 | C8: 0 | D8: 172.66.168.234 | E8: 192.168.1.222 | F8: TCP | G8: 1460 | H8: 443 > 51292 [ACK] Seq=140 Ack=97 Win=17 Len=1460 [TCP PDU reassembled in 19]
A9: 8 | B9: 0.0872182 | C9: 0 | D9: 172.66.168.234 | E9: 192.168.1.222 | F9: TCP | G9: 1460 | H9: 443 > 51292 [ACK] Seq=1600 Ack=97 Win=17 Len=1460 [TCP PDU reassembled in 19]
A10: 9 | B10: 0.0872182 | C10: 0 | D10: 172.66.168.234 | E10: 192.168.1.222 | F10: TCP | G10: 1460 | H10: 443 > 51292 [ACK] Seq=3060 Ack=97 Win=17 Len=1460 [TCP PDU reassembled in 19]
A11: 10 | B11: 0.0872182 | C11: 0 | D11: 172.66.168.234 | E11: 192.168.1.222 | F11: TCP | G11: 1460 | H11: 443 > 51292 [ACK] Seq=4520 Ack=97 Win=17 Len=1460 [TCP PDU reassembled in 19]
A12: 11 | B12: 0.0872182 | C12: 0 | D12: 172.66.168.234 | E12: 192.168.1.222 | F12: TCP | G12: 1460 | H12: 443 > 51292 [ACK] Seq=5980 Ack=97 Win=17 Len=1460 [TCP PDU reassembled in 19]
A13: 12 | B13: 0.0872182 | C13: 0 | D13: 172.66.168.234 | E13: 192.168.1.222 | F13: TCP | G13: 1460 | H13: 443 > 51292 [ACK] Seq=7440 Ack=97 Win=17 Len=1460 [TCP PDU reassembled in 19]
A14: 13 | B14: 0.0872182 | C14: 0 | D14: 172.66.168.234 | E14: 192.168.1.222 | F14: TCP | G14: 1460 | H14: 443 > 51292 [ACK] Seq=8900 Ack=97 Win=17 Len=1460 [TCP PDU reassembled in 19]
... A1701: 1700 | B1701: 57.31608 | C1701: 1.92e-05 | D1701: 192.168.1.222 | E1701: 172.66.168.234 | F1701: TCP | G1701: 0 | H1701: 51292 > 443 [ACK] Seq=23935 Ack=445823 Win=1023 Len=0

Sheet lbd9
A1: No. | B1: Time | C1: Delta | D1: Source | E1: Destination | F1: Protocol | G1: TCP Segment Len | H1: Info
A2: 1 | B2: 0 | D2: 192.168.1.222 | E2: 172.66.168.234 | F2: TLSv1.2 | G2: 277 | H2: Application Data
A3: 2 | B3: 2.41e-05 | C3: 2.41e-05 | D3: 192.168.1.222 | E3: 172.66.168.234 | F3: TLSv1.2 | G3: 39 | H3: Application Data
A4: 3 | B4: 0.01524 | C4: 0.0152159 | D4: 172.66.168.234 | E4: 192.168.1.222 | F4: TCP | G4: 0 | H4: 443 > 51292 [ACK] Seq=1 Ack=317 Win=17 Len=0
A5: 4 | B5: 0.01524 | C5: 0 | D5: 172.66.168.234 | E5: 192.168.1.222 | F5: TLSv1.2 | G5: 39 | H5: Application Data
A6: 5 | B6: 0.0602687 | C6: 0.0450287 | D6: 192.168.1.222 | E6: 172.66.168.234 | F6: TCP | G6: 0 | H6: 51292 > 443 [ACK] Seq=317 Ack=40 Win=1023 Len=0
A7: 6 | B7: 0.0927702 | C7: 0.0325015 | D7: 172.66.168.234 | E7: 192.168.1.222 | F7: TLSv1.2 | G7: 298 | H7: Application Data
A8: 7 | B8: 0.0927702 | C8: 0 | D8: 172.66.168.234 | E8: 192.168.1.222 | F8: TCP | G8: 1460 | H8: 443 > 51292 [ACK] Seq=338 Ack=317 Win=17 Len=1460 [TCP PDU reassembled in 19]
A9: 8 | B9: 0.0927702 | C9: 0 | D9: 172.66.168.234 | E9: 192.168.1.222 | F9: TCP | G9: 1460 | H9: 443 > 51292 [ACK] Seq=1798 Ack=317 Win=17 Len=1460 [TCP PDU reassembled in 19]
A10: 9 | B10: 0.0927702 | C10: 0 | D10: 172.66.168.234 | E10: 192.168.1.222 | F10: TCP | G10: 1460 | H10: 443 > 51292 [ACK] Seq=3258 Ack=317 Win=17 Len=1460 [TCP PDU reassembled in 19]
A11: 10 | B11: 0.0927702 | C11: 0 | D11: 172.66.168.234 | E11: 192.168.1.222 | F11: TCP | G11: 1460 | H11: 443 > 51292 [ACK] Seq=4718 Ack=317 Win=17 Len=1460 [TCP PDU reassembled in 19]
A12: 11 | B12: 0.0927702 | C12: 0 | D12: 172.66.168.234 | E12: 192.168.1.222 | F12: TCP | G12: 1460 | H12: 443 > 51292 [ACK] Seq=6178 Ack=317 Win=17 Len=1460 [TCP PDU reassembled in 19]
A13: 12 | B13: 0.0927702 | C13: 0 | D13: 172.66.168.234 | E13: 192.168.1.222 | F13: TCP | G13: 1460 | H13: 443 > 51292 [ACK] Seq=7638 Ack=317 Win=17 Len=1460 [TCP PDU reassembled in 19]
A14: 13 | B14: 0.0929132 | C14: 0.000143 | D14: 192.168.1.222 | E14: 172.66.168.234 | F14: TCP | G14: 0 | H14: 51292 > 443 [ACK] Seq=317 Ack=9098 Win=1028 Len=0
... A1458: 1457 | B1458: 55.831692 | C1458: 5.6e-06 | D1458: 192.168.1.222 | E1458: 172.66.168.234 | F1458: TCP | G1458: 0 | H1458: 51292 > 443 [ACK] Seq=19063 Ack=452459 Win=1026 Len=0

Sheet lbd10
A1: No. | B1: Time | C1: Delta | D1: Source | E1: Destination | F1: Protocol | G1: TCP Segment Len | H1: Info
A2: 1 | B2: 0 | D2: 192.168.1.222 | E2: 172.66.168.234 | F2: TLSv1.2 | G2: 62 | H2: Application Data
A3: 2 | B3: 2.13e-05 | C3: 2.13e-05 | D3: 192.168.1.222 | E3: 172.66.168.234 | F3: TLSv1.2 | G3: 39 | H3: Application Data
A4: 3 | B4: 0.0268143 | C4: 0.026793 | D4: 172.66.168.234 | E4: 192.168.1.222 | F4: TCP | G4: 0 | H4: 443 > 51292 [ACK] Seq=1 Ack=102 Win=18 Len=0
A5: 4 | B5: 0.0268143 | C5: 0 | D5: 172.66.168.234 | E5: 192.168.1.222 | F5: TLSv1.2 | G5: 39 | H5: Application Data
A6: 5 | B6: 0.0786605 | C6: 0.0518462 | D6: 192.168.1.222 | E6: 172.66.168.234 | F6: TCP | G6: 0 | H6: 51292 > 443 [ACK] Seq=102 Ack=40 Win=1026 Len=0
A7: 6 | B7: 0.0820655 | C7: 0.003405 | D7: 172.66.168.234 | E7: 192.168.1.222 | F7: TLSv1.2 | G7: 283 | H7: Application Data
A8: 7 | B8: 0.0820655 | C8: 0 | D8: 172.66.168.234 | E8: 192.168.1.222 | F8: TCP | G8: 1460 | H8: 443 > 51292 [ACK] Seq=323 Ack=102 Win=18 Len=1460 [TCP PDU reassembled in 19]
A9: 8 | B9: 0.0820655 | C9: 0 | D9: 172.66.168.234 | E9: 192.168.1.222 | F9: TCP | G9: 1460 | H9: 443 > 51292 [ACK] Seq=1783 Ack=102 Win=18 Len=1460 [TCP PDU reassembled in 19]
A10: 9 | B10: 0.0820655 | C10: 0 | D10: 172.66.168.234 | E10: 192.168.1.222 | F10: TCP | G10: 1460 | H10: 443 > 51292 [ACK] Seq=3243 Ack=102 Win=18 Len=1460 [TCP PDU reassembled in 19]
A11: 10 | B11: 0.0820655 | C11: 0 | D11: 172.66.168.234 | E11: 192.168.1.222 | F11: TCP | G11: 1460 | H11: 443 > 51292 [ACK] Seq=4703 Ack=102 Win=18 Len=1460 [TCP PDU reassembled in 19]
A12: 11 | B12: 0.0820655 | C12: 0 | D12: 172.66.168.234 | E12: 192.168.1.222 | F12: TCP | G12: 1460 | H12: 443 > 51292 [ACK] Seq=6163 Ack=102 Win=18 Len=1460 [TCP PDU reassembled in 19]
A13: 12 | B13: 0.0820655 | C13: 0 | D13: 172.66.168.234 | E13: 192.168.1.222 | F13: TCP | G13: 1460 | H13: 443 > 51292 [ACK] Seq=7623 Ack=102 Win=18 Len=1460 [TCP PDU reassembled in 19]
A14: 13 | B14: 0.0820655 | C14: 0 | D14: 172.66.168.234 | E14: 192.168.1.222 | F14: TCP | G14: 1460 | H14: 443 > 51292 [ACK] Seq=9083 Ack=102 Win=18 Len=1460 [TCP PDU reassembled in 19]
... A1284: 1283 | B1284: 68.1949 | C1284: 2.22e-05 | D1284: 192.168.1.222 | E1284: 172.66.168.234 | F1284: TCP | G1284: 0 | H1284: 51292 > 443 [ACK] Seq=17228 Ack=380594 Win=1025 Len=0
